Name,"CAM-B3LYP/6-311G(d,p)","HOMO CAM-B3LYP/6-311G(d,p)","LUMO CAM-B3LYP/6-311G(d,p)","bhandhlyp/6-311G(d,p)","HOMO bhandhlyp/6-311G(d,p)","LUMO bhandhlyp/6-311G(d,p)","PBE1PBE/6-311G(d,p)","HOMO PBE1PBE/6-311G(d,p)","LUMO PBE1PBE/6-311G(d,p)"
7ed_16b_4ea,1.789,-6.246,-2.491,1.755,-5.921,-2.68,1.558,-5.381,-3.352
3ed_16b_4ea,1.811,-6.384,-2.611,1.774,-6.048,-2.793,1.592,-5.532,-3.48
5ed_16b_1ea,1.817,-6.167,-2.579,1.775,-5.842,-2.741,1.604,-5.293,-3.36
6ed_16b_1ea,1.841,-6.204,-2.293,1.822,-5.881,-2.475,1.672,-5.327,-3.157
6ed_16b_7ea,1.865,-5.925,-1.887,1.835,-5.573,-2.066,1.672,-4.983,-2.743
6ed_16b_6ea,1.874,-6.144,-2.11,1.853,-5.811,-2.299,1.697,-5.209,-2.963
1ed_16b_1ea,1.876,-6.36,-2.664,1.828,-6.012,-2.822,1.675,-5.495,-3.468
6ed_16b_10ea,1.879,-6.024,-2.052,1.86,-5.706,-2.241,1.684,-5.109,-2.906
6ed_16b_9ea,1.89,-6.007,-2.033,1.869,-5.681,-2.214,1.69,-5.092,-2.894
7ed_16b_1ea,1.896,-6.307,-2.355,1.871,-5.979,-2.539,1.705,-5.443,-3.243
3ed_16b_7ea,1.899,-6.047,-1.958,1.857,-5.665,-2.128,1.734,-5.136,-2.848
5ed_16b_6ea,1.902,-6.085,-2.329,1.851,-5.745,-2.496,1.671,-5.169,-3.119
7ed_16b_6ea,1.902,-6.181,-2.122,1.874,-5.835,-2.306,1.726,-5.262,-2.999
5ed_16b_10ea,1.902,-6.014,-2.293,1.856,-5.682,-2.457,1.666,-5.107,-3.076
5ed_16b_11ea,1.903,-6.083,-2.363,1.86,-5.757,-2.531,1.668,-5.173,-3.143
5ed_16b_7ea,1.904,-5.878,-2.076,1.842,-5.516,-2.235,1.666,-4.96,-2.884
2ed_16b_1ea,1.904,-6.452,-2.466,1.882,-6.114,-2.641,1.75,-5.581,-3.339
6ed_16b_11ea,1.905,-6.105,-2.107,1.889,-5.792,-2.298,1.712,-5.187,-2.959
6ed_16b_2ea,1.915,-6.049,-1.943,1.905,-5.725,-2.13,1.745,-5.122,-2.815
7ed_16b_9ea,1.916,-6.072,-2.094,1.889,-5.738,-2.271,1.684,-5.164,-2.975
3ed_16b_1ea,1.923,-6.439,-2.445,1.894,-6.098,-2.624,1.74,-5.583,-3.344
5ed_16b_3ea,1.934,-6.163,-2.394,1.897,-5.834,-2.555,1.714,-5.251,-3.182
7ed_16b_11ea,1.943,-6.179,-2.161,1.922,-5.859,-2.349,1.724,-5.271,-3.037
1ed_16b_6ea,1.946,-6.288,-2.441,1.889,-5.925,-2.603,1.728,-5.381,-3.251
3ed_16b_6ea,1.947,-6.338,-2.222,1.915,-5.979,-2.401,1.779,-5.429,-3.111
6ed_16b_3ea,1.95,-6.197,-2.069,1.939,-5.87,-2.254,1.783,-5.271,-2.94
1ed_16b_11ea,1.951,-6.285,-2.483,1.902,-5.939,-2.646,1.727,-5.384,-3.28
TPA2_16b_3ea,1.952,-6.339,-2.532,1.918,-6.004,-2.689,1.741,-5.425,-3.322
1ed_16b_10ea,1.953,-6.217,-2.41,1.902,-5.864,-2.569,1.729,-5.318,-3.209
1ed_16b_7ea,1.955,-6.083,-2.182,1.889,-5.697,-2.336,1.733,-5.172,-3.008
7ed_16b_10ea,1.955,-6.212,-2.177,1.932,-5.889,-2.366,1.754,-5.29,-3.039
3ed_16b_10ea,1.961,-6.216,-2.176,1.933,-5.878,-2.355,1.752,-5.321,-3.062
7ed_16b_7ea,1.964,-6.134,-1.991,1.93,-5.774,-2.171,1.779,-5.184,-2.858
2ed_16b_6ea,1.964,-6.431,-2.279,1.938,-6.075,-2.458,1.795,-5.501,-3.148
3ed_16b_9ea,1.966,-6.223,-2.192,1.935,-5.878,-2.365,1.742,-5.322,-3.083
2ed_16b_10ea,1.968,-6.298,-2.226,1.945,-5.96,-2.403,1.786,-5.386,-3.087
2ed_16b_9ea,1.969,-6.291,-2.228,1.945,-5.947,-2.399,1.783,-5.378,-3.096
3ed_16b_11ea,1.974,-6.311,-2.255,1.949,-5.979,-2.437,1.763,-5.412,-3.14
2ed_16b_11ea,1.978,-6.372,-2.288,1.958,-6.04,-2.469,1.8,-5.459,-3.148
7ed_16b_2ea,1.983,-6.251,-2.084,1.968,-5.92,-2.272,1.812,-5.319,-2.965
1ed_16b_3ea,1.987,-6.366,-2.496,1.943,-6.013,-2.652,1.781,-5.464,-3.304
2ed_16b_2ea,1.988,-6.319,-2.125,1.976,-5.975,-2.301,1.835,-5.399,-3.007
1ed_16b_2ea,1.993,-6.251,-2.348,1.947,-5.896,-2.508,1.78,-5.346,-3.166
2ed_16b_7ea,1.997,-6.272,-2.069,1.963,-5.897,-2.238,1.807,-5.331,-2.942
2ed_16b_3ea,1.999,-6.437,-2.246,1.985,-6.09,-2.42,1.851,-5.522,-3.127
5ed_16b_2ea,2.006,-6.053,-2.205,1.966,-5.72,-2.366,1.783,-5.142,-3.0
3ed_16b_2ea,2.017,-6.311,-2.106,1.999,-5.961,-2.282,1.847,-5.403,-3.006
7ed_16b_3ea,2.021,-6.335,-2.16,2.005,-5.997,-2.339,1.841,-5.418,-3.045
TPA2_16b_2ea,2.029,-6.211,-2.325,1.991,-5.874,-2.485,1.812,-5.296,-3.122
3ed_16b_3ea,2.05,-6.48,-2.257,2.029,-6.128,-2.431,1.88,-5.573,-3.155
6ed_16b_8ea,2.061,-6.524,-2.351,2.073,-6.241,-2.539,1.846,-5.576,-3.203
5ed_1b_4ea,2.102,-6.223,-2.377,2.096,-5.9,-2.49,1.776,-5.316,-3.198
2ed_16b_8ea,2.124,-6.735,-2.507,2.134,-6.429,-2.682,1.943,-5.804,-3.366
6ed_1b_4ea,2.125,-6.276,-2.136,2.16,-5.957,-2.256,1.89,-5.369,-3.006
7ed_16b_8ea,2.131,-6.71,-2.511,2.143,-6.422,-2.69,1.887,-5.764,-3.367
6ed_26b_8ea,2.138,-5.953,-2.133,2.114,-5.592,-2.211,1.697,-5.025,-2.967
6ed_20b_4ea,2.15,-6.155,-2.021,2.188,-5.834,-2.131,1.928,-5.248,-2.871
1ed_1b_4ea,2.152,-6.407,-2.439,2.144,-6.06,-2.546,1.859,-5.51,-3.279
2ed_26b_9ea,2.173,-5.874,-1.953,2.138,-5.477,-2.026,1.828,-5.014,-2.826
7ed_1b_4ea,2.178,-6.338,-2.109,2.214,-6.006,-2.225,1.925,-5.45,-3.016
6ed_1b_5ea,2.179,-6.132,-1.774,2.217,-5.791,-1.89,1.897,-5.166,-2.691
7ed_26b_8ea,2.179,-5.99,-2.084,2.153,-5.613,-2.162,1.806,-5.107,-2.936
2ed_1b_4ea,2.179,-6.521,-2.29,2.212,-6.182,-2.402,1.955,-5.618,-3.174
3ed_16b_8ea,2.182,-6.844,-2.59,2.188,-6.538,-2.764,1.955,-5.913,-3.46
5ed_20b_4ea,2.184,-6.095,-2.159,2.175,-5.761,-2.262,1.858,-5.184,-2.982
1ed_26b_8ea,2.187,-6.096,-2.125,2.162,-5.7,-2.202,1.883,-5.23,-2.969
1ed_26b_9ea,2.188,-5.84,-1.902,2.152,-5.441,-1.977,1.854,-4.984,-2.777
TPA2_16b_1ea,2.198,-6.52,-2.596,2.167,-6.212,-2.742,1.622,-5.551,-3.509
6ed_26b_9ea,2.201,-5.824,-1.862,2.173,-5.441,-1.932,1.797,-4.916,-2.718
7ed_26b_9ea,2.202,-5.815,-1.839,2.173,-5.424,-1.909,1.864,-4.946,-2.696
6ed_26b_11ea,2.203,-5.86,-1.909,2.173,-5.485,-1.988,1.791,-4.944,-2.751
7ed_26b_11ea,2.208,-5.872,-1.898,2.177,-5.486,-1.976,1.868,-4.997,-2.74
7ed_26b_10ea,2.21,-5.826,-1.843,2.18,-5.437,-1.919,1.87,-4.952,-2.69
3ed_1b_4ea,2.211,-6.483,-2.229,2.242,-6.138,-2.34,1.969,-5.606,-3.141
7ed_1b_5ea,2.215,-6.073,-1.672,2.248,-5.714,-1.778,1.937,-5.134,-2.615
6ed_26b_10ea,2.215,-5.875,-1.853,2.189,-5.495,-1.929,1.81,-4.956,-2.7
3ed_26b_8ea,2.22,-6.099,-2.1,2.194,-5.708,-2.177,1.879,-5.226,-2.961
7ed_20b_4ea,2.229,-6.192,-1.994,2.264,-5.859,-2.098,1.999,-5.311,-2.87
3ed_26b_11ea,2.23,-5.951,-1.929,2.197,-5.556,-2.006,1.913,-5.088,-2.777
3ed_26b_9ea,2.233,-5.917,-1.882,2.203,-5.515,-1.95,1.917,-5.057,-2.748
2ed_26b_10ea,2.24,-5.932,-1.884,2.207,-5.531,-1.956,1.914,-5.062,-2.738
2ed_26b_8ea,2.243,-6.101,-2.071,2.213,-5.706,-2.146,1.874,-5.213,-2.937
5ed_26b_9ea,2.247,-5.868,-1.814,2.215,-5.466,-1.885,1.932,-5.003,-2.676
5ed_1b_1ea,2.251,-6.228,-2.213,2.242,-5.904,-2.318,1.852,-5.306,-3.077
6ed_1b_1ea,2.253,-6.303,-1.972,2.296,-5.981,-2.082,1.988,-5.384,-2.877
5ed_26b_10ea,2.256,-5.858,-1.796,2.222,-5.459,-1.873,1.943,-4.991,-2.646
1ed_26b_11ea,2.257,-5.954,-1.89,2.222,-5.554,-1.967,1.947,-5.09,-2.74
3ed_1b_5ea,2.257,-6.226,-1.768,2.287,-5.854,-1.868,1.984,-5.292,-2.722
3ed_20b_4ea,2.257,-6.337,-2.091,2.288,-5.991,-2.192,2.033,-5.461,-2.98
5ed_1b_5ea,2.257,-6.062,-1.901,2.253,-5.715,-2.006,1.917,-5.115,-2.774
1ed_26b_10ea,2.258,-5.894,-1.826,2.223,-5.492,-1.9,1.948,-5.031,-2.679
TPA2_1b_1ea,2.26,-6.223,-2.194,2.252,-5.898,-2.299,1.868,-5.302,-3.059
6ed_20b_5ea,2.261,-6.041,-1.633,2.298,-5.698,-1.741,1.977,-5.072,-2.54
3ed_26b_10ea,2.263,-5.967,-1.857,2.235,-5.568,-1.931,1.954,-5.095,-2.714
2ed_20b_4ea,2.272,-6.424,-2.15,2.304,-6.083,-2.252,2.055,-5.513,-3.017
5ed_26b_8ea,2.282,-6.043,-1.97,2.25,-5.647,-2.048,1.912,-5.149,-2.841
2ed_1b_5ea,2.283,-6.358,-1.875,2.317,-5.991,-1.98,2.011,-5.398,-2.81
5ed_20b_1ea,2.285,-6.118,-2.08,2.275,-5.786,-2.177,1.907,-5.203,-2.935
1ed_20b_4ea,2.286,-6.288,-2.189,2.273,-5.933,-2.291,1.985,-5.382,-3.035
5ed_1b_8ea,2.293,-6.431,-2.359,2.32,-6.13,-2.465,1.974,-5.491,-3.177
7ed_1b_1ea,2.294,-6.37,-1.968,2.335,-6.033,-2.073,2.055,-5.483,-2.899
7ed_20b_5ea,2.302,-5.947,-1.497,2.335,-5.586,-1.594,2.028,-5.007,-2.426
6ed_20b_1ea,2.311,-6.206,-1.891,2.351,-5.883,-1.991,2.038,-5.285,-2.777
6ed_1b_6ea,2.315,-6.245,-1.672,2.365,-5.913,-1.785,2.015,-5.272,-2.61
1ed_1b_5ea,2.317,-6.274,-1.997,2.309,-5.903,-2.097,2.0,-5.335,-2.888
3ed_1b_9ea,2.323,-6.153,-1.747,2.356,-5.806,-1.842,2.022,-5.24,-2.701
6ed_1b_9ea,2.325,-6.156,-1.641,2.374,-5.828,-1.749,2.025,-5.2,-2.581
2ed_1b_1ea,2.336,-6.596,-2.14,2.374,-6.252,-2.244,2.074,-5.675,-3.062
7ed_1b_7ea,2.337,-6.04,-1.378,2.377,-5.667,-1.471,2.085,-5.094,-2.351
TPA2_1b_3ea,2.337,-6.274,-2.117,2.34,-5.949,-2.217,1.943,-5.329,-2.986
6ed_26b_3ea,2.339,-5.845,-1.662,2.317,-5.463,-1.735,1.897,-4.905,-2.55
3ed_20b_5ea,2.341,-6.075,-1.577,2.371,-5.702,-1.669,2.073,-5.14,-2.516
1ed_1b_1ea,2.341,-6.456,-2.274,2.328,-6.105,-2.375,1.977,-5.542,-3.158
6ed_1b_10ea,2.342,-6.152,-1.624,2.391,-5.831,-1.737,2.044,-5.196,-2.551
5ed_20b_8ea,2.344,-6.324,-2.208,2.371,-6.019,-2.307,2.023,-5.381,-3.02
3ed_1b_1ea,2.344,-6.538,-2.057,2.382,-6.186,-2.158,2.113,-5.655,-3.001
7ed_26b_3ea,2.344,-5.933,-1.758,2.316,-5.539,-1.831,1.959,-5.034,-2.65
6ed_26b_4ea,2.346,-5.916,-1.863,2.329,-5.544,-1.975,1.806,-4.971,-2.849
2ed_1b_9ea,2.351,-6.295,-1.857,2.385,-5.951,-1.954,2.057,-5.351,-2.791
5ed_1b_11ea,2.353,-6.149,-1.931,2.353,-5.822,-2.038,1.967,-5.201,-2.803
6ed_26b_1ea,2.354,-5.868,-1.828,2.337,-5.491,-1.919,1.783,-4.924,-2.839
7ed_26b_4ea,2.357,-5.917,-1.804,2.335,-5.528,-1.909,1.848,-5.018,-2.787
6ed_1b_7ea,2.358,-6.035,-1.385,2.408,-5.688,-1.484,2.027,-5.051,-2.342
7ed_1b_6ea,2.358,-6.284,-1.643,2.403,-5.93,-1.748,2.111,-5.343,-2.604
7ed_1b_9ea,2.358,-6.17,-1.621,2.402,-5.828,-1.722,2.069,-5.241,-2.584
6ed_1b_11ea,2.363,-6.22,-1.672,2.413,-5.902,-1.788,2.069,-5.262,-2.597
6ed_26b_2ea,2.364,-5.791,-1.529,2.347,-5.402,-1.601,1.945,-4.855,-2.413
7ed_1b_10ea,2.364,-6.167,-1.609,2.41,-5.831,-1.715,2.084,-5.24,-2.563
5ed_1b_9ea,2.364,-6.104,-1.872,2.364,-5.769,-1.97,1.972,-5.159,-2.758
6ed_26b_5ea,2.365,-5.823,-1.565,2.351,-5.44,-1.635,1.939,-4.881,-2.444
7ed_20b_1ea,2.366,-6.231,-1.831,2.407,-5.893,-1.924,2.134,-5.345,-2.739
5ed_1b_3ea,2.367,-6.179,-1.968,2.369,-5.852,-2.07,1.972,-5.233,-2.847
1ed_20b_5ea,2.37,-6.167,-1.85,2.36,-5.79,-1.944,2.06,-5.227,-2.735
3ed_1b_7ea,2.374,-6.198,-1.484,2.411,-5.809,-1.571,2.13,-5.261,-2.465
TPA2_1b_2ea,2.377,-6.155,-1.912,2.38,-5.829,-2.016,1.974,-5.203,-2.796
7ed_26b_1ea,2.383,-5.882,-1.823,2.358,-5.489,-1.916,1.783,-4.979,-2.841
5ed_20b_5ea,2.385,-5.985,-1.702,2.38,-5.635,-1.802,2.041,-5.033,-2.576
7ed_1b_11ea,2.387,-6.257,-1.679,2.435,-5.927,-1.789,2.109,-5.327,-2.63
5ed_1b_10ea,2.387,-6.099,-1.83,2.386,-5.766,-1.934,2.001,-5.15,-2.709
1ed_20b_9ea,2.388,-6.138,-1.884,2.378,-5.775,-1.972,2.039,-5.208,-2.779
7ed_26b_2ea,2.393,-5.829,-1.529,2.369,-5.428,-1.601,2.052,-4.93,-2.416
7ed_1b_2ea,2.393,-6.232,-1.566,2.446,-5.887,-1.671,2.156,-5.3,-2.527
3ed_1b_6ea,2.395,-6.453,-1.75,2.438,-6.083,-1.849,2.157,-5.519,-2.722
2ed_26b_4ea,2.396,-6.042,-1.815,2.369,-5.637,-1.915,1.941,-5.144,-2.801
3ed_20b_1ea,2.401,-6.294,-1.814,2.436,-5.938,-1.905,2.172,-5.411,-2.741
5ed_1b_6ea,2.403,-6.16,-1.864,2.399,-5.826,-1.968,1.993,-5.202,-2.756
2ed_26b_3ea,2.404,-5.965,-1.651,2.376,-5.556,-1.72,2.048,-5.066,-2.546
7ed_26b_5ea,2.405,-5.858,-1.536,2.384,-5.457,-1.606,2.068,-4.951,-2.416
7ed_26b_6ea,2.405,-5.881,-1.555,2.385,-5.482,-1.626,2.069,-4.973,-2.435
1ed_1b_11ea,2.406,-6.37,-2.042,2.402,-6.019,-2.143,2.053,-5.432,-2.927
2ed_26b_1ea,2.41,-6.007,-1.842,2.38,-5.599,-1.93,1.881,-5.108,-2.854
7ed_26b_7ea,2.413,-5.774,-1.426,2.393,-5.366,-1.49,2.084,-4.871,-2.309
6ed_20b_3ea,2.413,-6.167,-1.552,2.468,-5.835,-1.655,2.156,-5.21,-2.471
3ed_1b_10ea,2.413,-6.324,-1.703,2.457,-5.976,-1.804,2.14,-5.403,-2.666
5ed_1b_2ea,2.413,-6.092,-1.78,2.417,-5.762,-1.884,2.02,-5.141,-2.674
2ed_26b_2ea,2.413,-5.905,-1.564,2.385,-5.493,-1.631,2.075,-5.009,-2.454
3ed_26b_1ea,2.414,-5.985,-1.857,2.381,-5.579,-1.948,1.846,-5.094,-2.865
7ed_1b_3ea,2.415,-6.386,-1.727,2.465,-6.04,-1.832,2.183,-5.455,-2.68
2ed_26b_5ea,2.421,-5.952,-1.596,2.396,-5.541,-1.661,2.083,-5.05,-2.483
5ed_26b_3ea,2.421,-5.899,-1.591,2.385,-5.49,-1.666,2.066,-5.007,-2.489
3ed_26b_2ea,2.423,-5.898,-1.556,2.395,-5.487,-1.624,2.097,-5.008,-2.448
2ed_1b_3ea,2.424,-6.56,-1.862,2.477,-6.209,-1.963,2.178,-5.607,-2.808
2ed_26b_6ea,2.426,-5.97,-1.607,2.399,-5.558,-1.673,2.089,-5.067,-2.492
2ed_1b_2ea,2.43,-6.449,-1.72,2.486,-6.1,-1.823,2.166,-5.489,-2.674
1ed_20b_8ea,2.435,-6.557,-2.287,2.457,-6.229,-2.38,2.136,-5.618,-3.122
2ed_1b_10ea,2.435,-6.446,-1.795,2.481,-6.101,-1.898,2.144,-5.489,-2.733
3ed_1b_11ea,2.436,-6.418,-1.776,2.482,-6.075,-1.88,2.166,-5.494,-2.736
3ed_1b_2ea,2.436,-6.394,-1.652,2.488,-6.034,-1.751,2.21,-5.468,-2.625
3ed_26b_6ea,2.436,-5.957,-1.587,2.41,-5.545,-1.654,2.119,-5.06,-2.472
1ed_26b_3ea,2.436,-5.945,-1.607,2.4,-5.531,-1.68,2.088,-5.055,-2.508
1ed_20b_1ea,2.438,-6.371,-2.129,2.422,-6.017,-2.223,2.052,-5.451,-3.01
2ed_1b_6ea,2.441,-6.571,-1.829,2.489,-6.213,-1.931,2.144,-5.597,-2.784
1ed_26b_4ea,2.441,-6.048,-1.857,2.406,-5.638,-1.968,1.89,-5.161,-2.848
1ed_1b_2ea,2.442,-6.314,-1.911,2.441,-5.957,-2.008,2.077,-5.371,-2.819
5ed_26b_1ea,2.444,-5.923,-1.81,2.403,-5.516,-1.901,1.832,-5.022,-2.819
3ed_26b_7ea,2.444,-5.847,-1.463,2.419,-5.428,-1.524,2.128,-4.952,-2.353
1ed_1b_9ea,2.446,-6.333,-1.949,2.443,-5.973,-2.04,2.092,-5.396,-2.851
2ed_1b_11ea,2.446,-6.522,-1.86,2.493,-6.183,-1.967,2.161,-5.564,-2.795
2ed_20b_5ea,2.447,-6.274,-1.649,2.481,-5.908,-1.745,2.178,-5.305,-2.575
1ed_1b_10ea,2.45,-6.323,-1.932,2.445,-5.968,-2.031,2.093,-5.383,-2.826
1ed_26b_1ea,2.453,-5.977,-1.835,2.412,-5.566,-1.928,1.843,-5.087,-2.848
1ed_1b_3ea,2.454,-6.428,-2.05,2.452,-6.073,-2.147,2.091,-5.488,-2.949
7ed_20b_10ea,2.454,-6.044,-1.444,2.499,-5.706,-1.542,2.174,-5.119,-2.382
7ed_20b_7ea,2.459,-5.896,-1.161,2.501,-5.522,-1.244,2.197,-4.95,-2.121
6ed_1b_8ea,2.459,-6.593,-1.969,2.531,-6.296,-2.091,2.209,-5.621,-2.869
3ed_1b_3ea,2.46,-6.554,-1.815,2.508,-6.191,-1.914,2.239,-5.63,-2.78
2ed_20b_1ea,2.462,-6.493,-1.996,2.496,-6.148,-2.09,2.185,-5.567,-2.903
5ed_1b_7ea,2.464,-5.983,-1.533,2.46,-5.627,-1.624,2.069,-5.019,-2.449
5ed_26b_5ea,2.465,-5.927,-1.53,2.431,-5.516,-1.605,2.143,-5.028,-2.413
5ed_20b_9ea,2.467,-6.029,-1.687,2.465,-5.688,-1.779,2.082,-5.083,-2.573
2ed_1b_8ea,2.47,-6.843,-2.183,2.54,-6.531,-2.293,2.255,-5.89,-3.094
1ed_1b_6ea,2.471,-6.396,-1.947,2.465,-6.033,-2.045,2.1,-5.446,-2.857
5ed_20b_10ea,2.472,-6.01,-1.673,2.469,-5.675,-1.77,2.083,-5.06,-2.546
5ed_26b_6ea,2.473,-5.878,-1.474,2.439,-5.468,-1.547,2.143,-4.971,-2.359
1ed_26b_2ea,2.473,-5.872,-1.46,2.439,-5.456,-1.53,2.151,-4.979,-2.356
6ed_1b_3ea,2.474,-6.313,-1.626,2.53,-5.988,-1.735,2.196,-5.344,-2.559
6ed_9b_1ea,2.475,-6.165,-1.871,2.485,-5.839,-1.965,2.079,-5.237,-2.771
1ed_26b_5ea,2.475,-5.92,-1.503,2.442,-5.504,-1.573,2.159,-5.025,-2.393
6ed_6b_4ea,2.476,-6.08,-1.984,2.447,-5.75,-2.087,2.067,-5.156,-2.818
7ed_20b_6ea,2.477,-6.143,-1.432,2.524,-5.789,-1.527,2.222,-5.201,-2.379
6ed_20b_7ea,2.477,-5.954,-1.22,2.525,-5.603,-1.311,2.138,-4.967,-2.164
1ed_26b_6ea,2.479,-5.941,-1.516,2.446,-5.525,-1.586,2.163,-5.043,-2.405
5ed_26b_7ea,2.48,-5.785,-1.35,2.447,-5.367,-1.418,2.167,-4.885,-2.238
6ed_20b_6ea,2.481,-6.158,-1.456,2.533,-5.826,-1.559,2.163,-5.178,-2.386
6ed_20b_10ea,2.481,-6.055,-1.436,2.53,-5.731,-1.537,2.176,-5.095,-2.351
1ed_26b_7ea,2.484,-5.801,-1.36,2.452,-5.378,-1.423,2.174,-4.907,-2.255
6ed_20b_11ea,2.485,-6.142,-1.515,2.536,-5.824,-1.621,2.179,-5.178,-2.427
5ed_20b_2ea,2.493,-6.018,-1.644,2.495,-5.684,-1.741,2.09,-5.062,-2.53
5ed_20b_6ea,2.493,-6.079,-1.688,2.488,-5.738,-1.787,2.084,-5.118,-2.576
6ed_1b_2ea,2.493,-6.198,-1.463,2.553,-5.875,-1.571,2.185,-5.222,-2.411
7ed_20b_9ea,2.499,-6.041,-1.397,2.544,-5.698,-1.487,2.209,-5.11,-2.349
6ed_8b_1ea,2.501,-6.293,-2.023,2.512,-5.997,-2.143,2.071,-5.352,-2.909
7ed_1b_8ea,2.501,-6.754,-2.116,2.571,-6.452,-2.229,2.238,-5.804,-3.029
2ed_1b_7ea,2.509,-6.39,-1.545,2.555,-6.015,-1.633,2.176,-5.404,-2.517
1ed_20b_3ea,2.51,-6.331,-1.906,2.506,-5.97,-1.996,2.145,-5.387,-2.798
3ed_20b_2ea,2.512,-6.24,-1.472,2.564,-5.877,-1.561,2.282,-5.313,-2.427
6ed_20b_8ea,2.524,-6.377,-1.73,2.6,-6.075,-1.834,2.296,-5.404,-2.612
5ed_20b_3ea,2.524,-6.098,-1.726,2.527,-5.767,-1.819,2.117,-5.143,-2.607
7ed_6b_4ea,2.527,-6.19,-1.986,2.505,-5.849,-2.087,2.186,-5.267,-2.826
7ed_20b_11ea,2.528,-6.121,-1.448,2.578,-5.789,-1.546,2.253,-5.191,-2.384
5ed_20b_11ea,2.532,-6.064,-1.656,2.532,-5.733,-1.756,2.14,-5.105,-2.529
3ed_20b_3ea,2.534,-6.392,-1.631,2.582,-6.027,-1.719,2.313,-5.466,-2.577
7ed_20b_2ea,2.536,-6.264,-1.484,2.596,-5.927,-1.584,2.267,-5.29,-2.421
7ed_20b_3ea,2.537,-6.216,-1.488,2.59,-5.868,-1.58,2.305,-5.285,-2.425
2ed_20b_6ea,2.541,-6.467,-1.659,2.585,-6.107,-1.755,2.232,-5.489,-2.602
1ed_1b_7ea,2.542,-6.215,-1.622,2.535,-5.833,-1.708,2.174,-5.259,-2.556
2ed_20b_11ea,2.542,-6.419,-1.697,2.586,-6.077,-1.795,2.251,-5.457,-2.619
2ed_20b_3ea,2.551,-6.45,-1.672,2.605,-6.098,-1.764,2.296,-5.491,-2.606
6ed_20b_2ea,2.556,-6.105,-1.345,2.616,-5.779,-1.443,2.237,-5.124,-2.278
3ed_20b_10ea,2.557,-6.187,-1.468,2.602,-5.837,-1.558,2.289,-5.262,-2.415
5ed_22b_8ea,2.558,-6.382,-2.194,2.573,-6.086,-2.269,1.967,-5.407,-3.056
3ed_20b_9ea,2.56,-6.192,-1.475,2.602,-5.837,-1.559,2.277,-5.264,-2.436
1ed_20b_6ea,2.561,-6.303,-1.771,2.552,-5.935,-1.863,2.194,-5.351,-2.674
6ed_9b_3ea,2.563,-6.212,-1.537,2.614,-5.88,-1.634,2.348,-5.268,-2.445
3ed_1b_8ea,2.566,-6.912,-2.186,2.638,-6.593,-2.294,2.318,-5.968,-3.113
5ed_6b_4ea,2.566,-6.142,-2.048,2.51,-5.804,-2.152,2.029,-5.195,-2.898
5ed_20b_7ea,2.569,-5.876,-1.313,2.563,-5.512,-1.398,2.179,-4.913,-2.229
7ed_8b_1ea,2.573,-6.481,-2.08,2.591,-6.18,-2.201,2.216,-5.545,-2.975
2ed_20b_10ea,2.575,-6.355,-1.605,2.619,-6.008,-1.698,2.277,-5.392,-2.531
1ed_20b_10ea,2.576,-6.241,-1.733,2.57,-5.881,-1.825,2.22,-5.297,-2.624
1ed_6b_4ea,2.576,-6.318,-2.093,2.527,-5.955,-2.199,2.153,-5.392,-2.952
5ed_22b_4ea,2.577,-6.288,-2.146,2.563,-5.986,-2.236,1.906,-5.313,-3.027
2ed_20b_8ea,2.582,-6.626,-1.878,2.653,-6.303,-1.977,2.371,-5.662,-2.78
2ed_6b_4ea,2.583,-6.356,-2.07,2.547,-6.0,-2.174,2.2,-5.429,-2.93
5ed_8b_1ea,2.584,-6.244,-2.128,2.542,-5.935,-2.246,1.964,-5.295,-3.013
1ed_20b_11ea,2.593,-6.315,-1.799,2.587,-5.961,-1.894,2.233,-5.368,-2.685
3ed_9b_1ea,2.597,-6.401,-1.921,2.603,-6.044,-2.008,2.291,-5.495,-2.84
7ed_20b_8ea,2.6,-6.579,-1.877,2.675,-6.272,-1.979,2.35,-5.623,-2.774
1ed_22b_4ea,2.602,-6.536,-2.278,2.588,-6.207,-2.357,2.011,-5.563,-3.149
3ed_6b_4ea,2.603,-6.397,-2.057,2.576,-6.04,-2.161,2.274,-5.471,-2.916
6ed_6b_9ea,2.608,-5.88,-1.582,2.596,-5.535,-1.672,2.082,-4.93,-2.53
6ed_25b_4ea,2.609,-6.174,-2.194,2.525,-5.843,-2.311,1.889,-5.201,-3.062
6ed_4b_1ea,2.616,-6.525,-1.936,2.639,-6.229,-2.058,2.171,-5.533,-2.864
6ed_9b_2ea,2.616,-6.096,-1.323,2.669,-5.767,-1.423,2.383,-5.142,-2.241
6ed_22b_5ea,2.621,-6.317,-1.631,2.672,-5.991,-1.718,2.128,-5.301,-2.563
6ed_4b_3ea,2.628,-6.62,-1.85,2.662,-6.319,-1.985,2.244,-5.617,-2.782
2ed_9b_1ea,2.629,-6.493,-1.988,2.624,-6.137,-2.08,2.214,-5.557,-2.917
3ed_20b_11ea,2.629,-6.547,-1.733,2.673,-6.206,-1.837,2.345,-5.574,-2.661
6ed_22b_4ea,2.631,-6.556,-1.979,2.674,-6.248,-2.081,2.135,-5.559,-2.885
1ed_20b_2ea,2.633,-6.264,-1.672,2.632,-5.903,-1.762,2.26,-5.312,-2.58
7ed_22b_4ea,2.633,-6.608,-2.074,2.668,-6.284,-2.166,2.177,-5.653,-2.986
5ed_22b_5ea,2.634,-6.141,-1.824,2.628,-5.824,-1.898,1.989,-5.149,-2.722
5ed_22b_9ea,2.634,-6.135,-1.834,2.634,-5.821,-1.905,1.998,-5.146,-2.737
6ed_4b_2ea,2.638,-6.48,-1.669,2.676,-6.182,-1.807,2.244,-5.473,-2.608
6ed_10b_1ea,2.644,-6.012,-1.85,2.599,-5.677,-1.938,2.095,-5.085,-2.721
2ed_8b_1ea,2.646,-6.624,-2.146,2.648,-6.304,-2.263,2.203,-5.674,-3.06
5ed_15b_3ea,2.655,-6.473,-2.171,2.619,-6.173,-2.299,2.058,-5.495,-3.07
6ed_8b_3ea,2.658,-6.397,-1.768,2.698,-6.094,-1.893,2.342,-5.433,-2.661
1ed_8b_1ea,2.663,-6.471,-2.18,2.623,-6.139,-2.296,2.096,-5.529,-3.084
5ed_3b_1ea,2.663,-6.12,-2.078,2.579,-5.784,-2.18,1.91,-5.149,-2.982
1ed_20b_7ea,2.669,-6.129,-1.408,2.662,-5.744,-1.487,2.309,-5.17,-2.335
6ed_25b_8ea,2.669,-6.259,-2.148,2.595,-5.939,-2.269,1.974,-5.278,-3.026
TPA2_8b_1ea,2.67,-6.383,-2.13,2.633,-6.069,-2.248,2.06,-5.421,-3.027
1ed_25b_4ea,2.673,-6.335,-2.224,2.59,-5.973,-2.345,2.016,-5.375,-3.115
6ed_24b_4ea,2.673,-6.245,-2.192,2.59,-5.914,-2.309,1.918,-5.258,-3.072
5ed_4b_3ea,2.674,-6.365,-2.061,2.633,-6.059,-2.181,2.006,-5.377,-2.965
2ed_9b_3ea,2.676,-6.535,-1.711,2.716,-6.175,-1.801,2.459,-5.591,-2.64
6ed_6b_1ea,2.677,-6.062,-1.866,2.63,-5.73,-1.954,2.101,-5.127,-2.745
5ed_9b_1ea,2.677,-6.216,-1.902,2.636,-5.88,-1.994,2.083,-5.257,-2.814
5ed_17b_4ea,2.679,-6.254,-1.975,2.641,-5.937,-2.086,2.129,-5.292,-2.849
5ed_22b_11ea,2.679,-6.217,-1.889,2.678,-5.911,-1.965,1.989,-5.219,-2.784
TPA2_9b_1ea,2.679,-6.304,-1.938,2.64,-5.963,-2.034,2.127,-5.349,-2.853
5ed_15b_1ea,2.681,-6.411,-2.189,2.625,-6.111,-2.314,1.992,-5.433,-3.098
TPA2_4b_3ea,2.681,-6.362,-2.054,2.639,-6.056,-2.174,2.006,-5.373,-2.959
7ed_9b_1ea,2.683,-6.454,-1.932,2.692,-6.121,-2.027,2.297,-5.507,-2.848
5ed_25b_4ea,2.688,-6.13,-2.204,2.598,-5.799,-2.326,1.856,-5.152,-3.092
5ed_8b_3ea,2.689,-6.334,-1.962,2.675,-6.023,-2.083,2.162,-5.367,-2.84
2ed_20b_7ea,2.69,-6.275,-1.276,2.734,-5.896,-1.355,2.348,-5.283,-2.241
2ed_22b_5ea,2.69,-6.489,-1.689,2.735,-6.134,-1.765,2.226,-5.479,-2.633
6ed_3b_1ea,2.693,-6.115,-2.018,2.617,-5.783,-2.118,1.927,-5.145,-2.928
6ed_22b_10ea,2.694,-6.391,-1.641,2.754,-6.079,-1.728,2.185,-5.38,-2.575
7ed_9b_2ea,2.694,-6.135,-1.275,2.743,-5.791,-1.37,2.541,-5.206,-2.199
6ed_17b_4ea,2.696,-6.315,-1.776,2.723,-6.007,-1.88,2.401,-5.346,-2.638
6ed_21b_4ea,2.701,-6.413,-1.769,2.746,-6.109,-1.871,2.264,-5.421,-2.666
6ed_15b_1ea,2.702,-6.671,-2.003,2.714,-6.379,-2.134,2.293,-5.681,-2.929
TPA2_15b_3ea,2.706,-6.579,-2.189,2.67,-6.275,-2.317,2.092,-5.588,-3.101
7ed_10b_1ea,2.71,-6.138,-1.848,2.674,-5.79,-1.933,2.239,-5.213,-2.723
2ed_25b_8ea,2.71,-6.472,-2.174,2.641,-6.12,-2.294,2.137,-5.51,-3.062
1ed_25b_8ea,2.711,-6.384,-2.184,2.635,-6.032,-2.304,2.08,-5.424,-3.074
6ed_8b_2ea,2.712,-6.258,-1.545,2.753,-5.957,-1.67,2.375,-5.288,-2.45
5ed_24b_8ea,2.713,-6.275,-2.077,2.662,-5.951,-2.183,2.085,-5.284,-2.936
2ed_25b_4ea,2.715,-6.429,-2.212,2.634,-6.066,-2.333,2.071,-5.462,-3.105
1ed_9b_1ea,2.716,-6.424,-1.978,2.678,-6.063,-2.071,2.227,-5.488,-2.899
5ed_21b_4ea,2.721,-6.291,-2.029,2.705,-5.989,-2.122,2.043,-5.305,-2.909
7ed_9b_3ea,2.722,-6.48,-1.625,2.769,-6.136,-1.721,2.541,-5.529,-2.545
6ed_2b_1ea,2.724,-6.196,-1.946,2.677,-5.877,-2.044,2.052,-5.228,-2.852
5ed_24b_4ea,2.726,-6.216,-2.171,2.639,-5.881,-2.288,1.931,-5.222,-3.059
TPA2_10b_1ea,2.726,-6.134,-1.897,2.66,-5.779,-1.986,2.139,-5.196,-2.785
6ed_22b_8ea,2.727,-6.73,-1.961,2.794,-6.431,-2.054,2.275,-5.715,-2.867
5ed_25b_8ea,2.729,-6.16,-2.139,2.643,-5.836,-2.257,1.919,-5.182,-3.025
5ed_15b_2ea,2.73,-6.369,-1.956,2.692,-6.069,-2.09,2.117,-5.382,-2.868
5ed_8b_2ea,2.73,-6.181,-1.741,2.714,-5.869,-1.867,2.19,-5.212,-2.633
TPA2_4b_1ea,2.732,-6.317,-2.066,2.672,-6.013,-2.183,1.952,-5.32,-2.991
5ed_6b_1ea,2.733,-6.085,-1.912,2.661,-5.744,-2.004,2.069,-5.137,-2.802
6ed_24b_8ea,2.733,-6.293,-2.094,2.666,-5.972,-2.206,2.026,-5.307,-2.979
7ed_25b_4ea,2.733,-6.627,-2.208,2.667,-6.253,-2.328,2.234,-5.637,-3.098
6ed_22b_3ea,2.734,-6.482,-1.655,2.799,-6.167,-1.742,2.229,-5.46,-2.596
7ed_6b_1ea,2.734,-6.175,-1.862,2.694,-5.829,-1.948,2.23,-5.243,-2.746
5ed_4b_1ea,2.734,-6.308,-2.061,2.674,-6.003,-2.178,1.969,-5.317,-2.983
1ed_21b_8ea,2.735,-6.589,-2.154,2.748,-6.272,-2.225,2.157,-5.606,-3.041
5ed_22b_1ea,2.735,-6.234,-1.965,2.72,-5.929,-2.046,1.956,-5.238,-2.889
3ed_25b_4ea,2.736,-6.659,-2.229,2.667,-6.278,-2.353,2.241,-5.715,-3.127
5ed_10b_1ea,2.736,-6.079,-1.901,2.665,-5.734,-1.989,2.081,-5.13,-2.787
TPA2_15b_1ea,2.736,-6.523,-2.196,2.683,-6.218,-2.321,2.066,-5.537,-3.112
2ed_22b_4ea,2.736,-6.825,-2.051,2.781,-6.495,-2.143,2.298,-5.839,-2.972
TPA2_8b_3ea,2.737,-6.425,-1.958,2.727,-6.108,-2.077,2.231,-5.454,-2.845
TPA2_3b_1ea,2.737,-6.136,-2.047,2.651,-5.8,-2.148,1.947,-5.16,-2.96
1ed_22b_5ea,2.738,-6.465,-1.961,2.726,-6.122,-2.034,2.107,-5.463,-2.875
2ed_20b_2ea,2.741,-6.441,-1.443,2.799,-6.091,-1.53,2.421,-5.454,-2.395
2ed_4b_3ea,2.741,-6.941,-1.983,2.777,-6.616,-2.106,2.393,-5.942,-2.933
1ed_17b_4ea,2.744,-6.476,-2.03,2.708,-6.131,-2.136,2.266,-5.521,-2.919
3ed_20b_6ea,2.745,-6.623,-1.587,2.795,-6.264,-1.682,2.448,-5.624,-2.537
2ed_24b_4ea,2.746,-6.516,-2.216,2.671,-6.148,-2.328,2.132,-5.547,-3.109
5ed_6b_9ea,2.746,-5.96,-1.52,2.715,-5.605,-1.617,2.213,-5.0,-2.476
1ed_24b_4ea,2.749,-6.444,-2.201,2.67,-6.077,-2.318,2.094,-5.468,-3.096
3ed_9b_2ea,2.75,-6.333,-1.423,2.789,-5.972,-1.514,2.609,-5.405,-2.353
2ed_4b_2ea,2.75,-6.794,-1.799,2.79,-6.472,-1.926,2.389,-5.79,-2.756
6ed_6b_8ea,2.75,-6.236,-1.656,2.782,-5.926,-1.753,2.484,-5.287,-2.512
7ed_3b_1ea,2.752,-6.284,-2.031,2.682,-5.938,-2.13,2.068,-5.311,-2.944
7ed_8b_3ea,2.752,-6.618,-1.839,2.796,-6.308,-1.966,2.489,-5.65,-2.746
7ed_6b_9ea,2.753,-5.984,-1.46,2.738,-5.628,-1.552,2.277,-5.024,-2.415
2ed_4b_1ea,2.753,-6.839,-2.021,2.777,-6.519,-2.137,2.339,-5.847,-2.97
TPA2_9b_3ea,2.754,-6.393,-1.739,2.751,-6.048,-1.837,2.391,-5.429,-2.63
2ed_9b_2ea,2.754,-6.418,-1.471,2.793,-6.059,-1.564,2.522,-5.464,-2.408
2ed_24b_8ea,2.757,-6.599,-2.156,2.709,-6.244,-2.268,2.27,-5.634,-3.038
TPA2_4b_2ea,2.757,-6.281,-1.854,2.715,-5.975,-1.979,2.056,-5.277,-2.774
7ed_22b_9ea,2.758,-6.493,-1.74,2.801,-6.162,-1.82,2.248,-5.504,-2.692
5ed_21b_8ea,2.759,-6.214,-1.784,2.782,-5.917,-1.854,2.157,-5.225,-2.672
2ed_8b_3ea,2.759,-6.716,-1.926,2.795,-6.39,-2.044,2.461,-5.752,-2.84
6ed_22b_1ea,2.76,-6.532,-1.814,2.819,-6.222,-1.905,2.221,-5.513,-2.757
TPA2_6b_1ea,2.761,-6.176,-1.923,2.693,-5.827,-2.014,2.134,-5.229,-2.818
6ed_24b_9ea,2.762,-6.151,-1.774,2.753,-5.806,-1.874,2.112,-5.146,-2.755
5ed_9b_3ea,2.763,-6.308,-1.667,2.758,-5.975,-1.765,2.322,-5.329,-2.575
5ed_4b_2ea,2.764,-6.282,-1.842,2.722,-5.976,-1.967,2.066,-5.278,-2.763
7ed_22b_10ea,2.764,-6.486,-1.729,2.808,-6.159,-1.813,2.256,-5.497,-2.676
2ed_10b_1ea,2.765,-6.29,-1.915,2.715,-5.926,-2.002,2.255,-5.363,-2.811
6ed_22b_6ea,2.765,-6.469,-1.58,2.834,-6.154,-1.666,2.229,-5.429,-2.529
1ed_21b_4ea,2.766,-6.506,-2.11,2.747,-6.181,-2.202,2.124,-5.518,-3.005
6ed_15b_3ea,2.766,-6.795,-1.871,2.792,-6.498,-2.016,2.423,-5.785,-2.814
1ed_10b_1ea,2.767,-6.259,-1.933,2.699,-5.887,-2.023,2.209,-5.33,-2.833
6ed_3b_3ea,2.768,-6.162,-1.736,2.725,-5.828,-1.837,2.166,-5.182,-2.657
1ed_8b_3ea,2.77,-6.583,-2.032,2.76,-6.247,-2.148,2.31,-5.624,-2.928
1ed_6b_9ea,2.773,-6.129,-1.562,2.747,-5.751,-1.656,2.311,-5.181,-2.526
3ed_22b_5ea,2.774,-6.606,-1.762,2.803,-6.238,-1.839,2.287,-5.606,-2.717
5ed_6b_8ea,2.775,-6.268,-1.842,2.76,-5.953,-1.946,2.295,-5.303,-2.702
1ed_15b_3ea,2.776,-6.767,-2.258,2.734,-6.441,-2.381,2.181,-5.782,-3.184
7ed_2b_1ea,2.777,-6.361,-1.964,2.739,-6.029,-2.06,2.21,-5.394,-2.87
6ed_15b_2ea,2.778,-6.641,-1.671,2.807,-6.347,-1.82,2.427,-5.627,-2.621
6ed_22b_7ea,2.779,-6.289,-1.385,2.846,-5.965,-1.463,2.23,-5.248,-2.342
2ed_17b_4ea,2.782,-6.564,-1.89,2.796,-6.229,-1.993,2.486,-5.596,-2.78
1ed_22b_9ea,2.784,-6.459,-1.933,2.782,-6.12,-1.996,2.146,-5.467,-2.851
3ed_24b_4ea,2.785,-6.771,-2.234,2.726,-6.391,-2.352,2.319,-5.81,-3.133
3ed_8b_1ea,2.786,-6.792,-2.158,2.795,-6.475,-2.275,2.384,-5.832,-3.076
7ed_17b_4ea,2.787,-6.526,-1.889,2.807,-6.209,-1.998,2.498,-5.549,-2.77
3ed_25b_8ea,2.787,-6.763,-2.197,2.731,-6.392,-2.32,2.361,-5.813,-3.096
7ed_22b_11ea,2.788,-6.544,-1.765,2.834,-6.222,-1.85,2.285,-5.554,-2.709
3ed_9b_3ea,2.789,-6.686,-1.739,2.829,-6.324,-1.831,2.607,-5.734,-2.672
1ed_6b_1ea,2.789,-6.299,-1.951,2.722,-5.93,-2.041,2.22,-5.366,-2.854
3ed_10b_1ea,2.791,-6.319,-1.897,2.747,-5.953,-1.983,2.321,-5.391,-2.791
5ed_9b_2ea,2.793,-6.178,-1.463,2.789,-5.838,-1.563,2.426,-5.213,-2.362
7ed_21b_4ea,2.793,-6.548,-1.862,2.828,-6.231,-1.958,2.378,-5.577,-2.765
TPA2_15b_2ea,2.793,-6.491,-1.959,2.757,-6.185,-2.093,2.2,-5.495,-2.88
7ed_8b_2ea,2.795,-6.465,-1.616,2.84,-6.159,-1.743,2.511,-5.492,-2.533
1ed_9b_3ea,2.796,-6.515,-1.768,2.789,-6.153,-1.861,2.433,-5.558,-2.686
2ed_6b_9ea,2.796,-6.166,-1.541,2.78,-5.797,-1.634,2.338,-5.208,-2.509
7ed_4b_1ea,2.796,-6.784,-1.898,2.819,-6.475,-2.02,2.427,-5.799,-2.849
1ed_3b_1ea,2.798,-6.359,-2.062,2.717,-5.991,-2.162,2.118,-5.395,-2.989
7ed_4b_2ea,2.798,-6.737,-1.683,2.833,-6.426,-1.823,2.456,-5.735,-2.651
7ed_22b_2ea,2.8,-6.493,-1.652,2.85,-6.163,-1.736,2.321,-5.499,-2.606
7ed_25b_8ea,2.801,-6.634,-2.161,2.74,-6.291,-2.283,2.256,-5.612,-3.059
1ed_22b_10ea,2.802,-6.451,-1.905,2.798,-6.115,-1.973,2.167,-5.456,-2.814
1ed_22b_11ea,2.803,-6.495,-1.958,2.797,-6.162,-2.028,2.151,-5.496,-2.866
1ed_15b_1ea,2.803,-6.702,-2.254,2.745,-6.376,-2.376,2.145,-5.718,-3.185
2ed_6b_1ea,2.804,-6.353,-1.936,2.753,-5.991,-2.024,2.27,-5.417,-2.839
3ed_8b_3ea,2.806,-6.798,-1.935,2.847,-6.473,-2.056,2.564,-5.836,-2.853
3ed_6b_1ea,2.807,-6.356,-1.91,2.764,-5.992,-1.995,2.332,-5.425,-2.807
TPA2_8b_2ea,2.81,-6.317,-1.712,2.805,-5.999,-1.832,2.329,-5.342,-2.612
1ed_8b_2ea,2.811,-6.438,-1.811,2.799,-6.103,-1.932,2.339,-5.476,-2.721
7ed_4b_3ea,2.813,-6.909,-1.866,2.844,-6.594,-2.002,2.478,-5.908,-2.828
5ed_21b_5ea,2.813,-6.122,-1.583,2.818,-5.811,-1.659,2.14,-5.112,-2.51
1ed_4b_3ea,2.813,-6.661,-2.137,2.767,-6.328,-2.252,2.164,-5.67,-3.063
6ed_17b_9ea,2.815,-6.038,-1.322,2.835,-5.719,-1.42,2.342,-5.036,-2.297
TPA2_9b_2ea,2.816,-6.27,-1.499,2.812,-5.923,-1.599,2.471,-5.306,-2.401
2ed_15b_1ea,2.818,-6.983,-2.103,2.832,-6.668,-2.228,2.451,-5.994,-3.05
1ed_24b_8ea,2.819,-6.506,-2.13,2.753,-6.151,-2.241,2.203,-5.528,-3.029
7ed_24b_4ea,2.82,-6.791,-2.226,2.76,-6.413,-2.346,2.325,-5.736,-3.128
5ed_11b_1ea,2.82,-6.132,-1.796,2.788,-5.826,-1.895,2.165,-5.164,-2.69
3ed_3b_1ea,2.82,-6.471,-2.058,2.752,-6.104,-2.157,2.197,-5.501,-2.983
3ed_22b_4ea,2.82,-6.889,-2.069,2.853,-6.545,-2.16,2.375,-5.923,-3.005
6ed_23b_4ea,2.821,-6.154,-1.812,2.767,-5.828,-1.916,2.169,-5.193,-2.705
6ed_13b_1ea,2.822,-6.296,-1.899,2.795,-5.984,-1.994,2.222,-5.332,-2.8
2ed_3b_1ea,2.826,-6.441,-2.057,2.755,-6.078,-2.157,2.158,-5.467,-2.987
5ed_21b_11ea,2.827,-6.144,-1.617,2.837,-5.84,-1.692,2.175,-5.141,-2.522
2ed_6b_8ea,2.828,-6.535,-1.826,2.848,-6.201,-1.923,2.549,-5.585,-2.707
5ed_2b_1ea,2.828,-6.186,-1.995,2.749,-5.861,-2.094,2.018,-5.209,-2.911
7ed_22b_7ea,2.829,-6.391,-1.5,2.873,-6.047,-1.576,2.313,-5.375,-2.462
5ed_21b_1ea,2.829,-6.171,-1.838,2.822,-5.867,-1.921,2.057,-5.177,-2.77
2ed_21b_4ea,2.829,-6.771,-1.976,2.864,-6.447,-2.078,2.399,-5.77,-2.887
5ed_25b_1ea,2.829,-6.113,-2.049,2.736,-5.776,-2.151,1.951,-5.133,-2.974
2ed_8b_2ea,2.83,-6.593,-1.699,2.866,-6.269,-1.818,2.506,-5.62,-2.625
7ed_22b_1ea,2.831,-6.63,-1.865,2.874,-6.305,-1.951,2.329,-5.642,-2.811
TPA2_2b_1ea,2.833,-6.187,-1.985,2.754,-5.862,-2.084,2.027,-5.21,-2.902
2ed_25b_5ea,2.833,-6.254,-1.541,2.772,-5.87,-1.66,2.41,-5.289,-2.481
3ed_20b_7ea,2.834,-6.47,-1.288,2.882,-6.092,-1.371,2.497,-5.453,-2.259
7ed_24b_8ea,2.834,-6.781,-2.16,2.8,-6.44,-2.277,2.382,-5.748,-3.048
5ed_21b_10ea,2.835,-6.122,-1.587,2.844,-5.816,-1.66,2.177,-5.118,-2.496
7ed_3b_3ea,2.838,-6.308,-1.738,2.798,-5.96,-1.837,2.309,-5.327,-2.663
3ed_4b_1ea,2.839,-6.953,-1.976,2.859,-6.627,-2.096,2.5,-5.981,-2.936
1ed_6b_8ea,2.839,-6.502,-1.919,2.824,-6.16,-2.021,2.424,-5.544,-2.797
6ed_2b_3ea,2.84,-6.25,-1.59,2.836,-5.925,-1.687,2.355,-5.268,-2.516
3ed_17b_4ea,2.84,-6.688,-1.952,2.856,-6.353,-2.059,2.576,-5.714,-2.848
7ed_25b_9ea,2.845,-6.446,-1.699,2.817,-6.065,-1.808,2.405,-5.477,-2.677
5ed_24b_9ea,2.845,-6.147,-1.648,2.814,-5.796,-1.751,2.254,-5.146,-2.622
3ed_22b_9ea,2.846,-6.708,-1.801,2.888,-6.357,-1.875,2.355,-5.715,-2.763
2ed_22b_2ea,2.846,-6.699,-1.654,2.918,-6.36,-1.731,2.392,-5.684,-2.61
6ed_6b_5ea,2.848,-5.894,-1.146,2.827,-5.539,-1.251,2.481,-4.926,-2.078
1ed_25b_1ea,2.848,-6.317,-2.075,2.76,-5.952,-2.179,2.106,-5.354,-3.006
3ed_4b_2ea,2.849,-6.92,-1.775,2.881,-6.59,-1.908,2.534,-5.927,-2.751
5ed_17b_9ea,2.849,-6.036,-1.455,2.838,-5.704,-1.553,2.263,-5.049,-2.436
1ed_21b_5ea,2.853,-6.347,-1.685,2.851,-6.007,-1.758,2.25,-5.343,-2.617
5ed_3b_3ea,2.854,-6.167,-1.775,2.79,-5.832,-1.878,2.173,-5.183,-2.704
TPA2_3b_3ea,2.854,-6.17,-1.757,2.79,-5.833,-1.858,2.184,-5.184,-2.686
5ed_23b_4ea,2.855,-6.184,-1.904,2.782,-5.854,-2.011,2.119,-5.208,-2.803
3ed_22b_10ea,2.855,-6.702,-1.788,2.897,-6.355,-1.867,2.37,-5.716,-2.745
5ed_21b_2ea,2.856,-6.129,-1.568,2.868,-5.824,-1.641,2.176,-5.126,-2.494
6ed_24b_1ea,2.857,-6.213,-2.041,2.763,-5.877,-2.141,1.993,-5.222,-2.965
6ed_3b_2ea,2.857,-6.097,-1.469,2.822,-5.761,-1.574,2.313,-5.108,-2.397
1ed_15b_2ea,2.858,-6.678,-2.037,2.817,-6.352,-2.165,2.266,-5.686,-2.974
7ed_22b_8ea,2.858,-6.85,-2.039,2.912,-6.539,-2.125,2.407,-5.859,-2.959
6ed_25b_1ea,2.859,-6.242,-2.049,2.771,-5.909,-2.154,2.025,-5.24,-2.977
3ed_24b_8ea,2.86,-6.92,-2.186,2.827,-6.551,-2.302,2.526,-5.959,-3.08
2ed_15b_3ea,2.86,-7.115,-2.02,2.889,-6.795,-2.154,2.562,-6.11,-2.982
7ed_22b_5ea,2.86,-6.707,-1.685,2.914,-6.369,-1.772,2.348,-5.666,-2.644
6ed_22b_2ea,2.861,-6.399,-1.412,2.934,-6.085,-1.495,2.323,-5.357,-2.368
5ed_22b_7ea,2.862,-6.093,-1.56,2.857,-5.775,-1.627,2.092,-5.076,-2.497
3ed_4b_3ea,2.863,-7.099,-1.96,2.893,-6.764,-2.088,2.56,-6.108,-2.93
2ed_24b_9ea,2.864,-6.37,-1.689,2.839,-5.992,-1.79,2.36,-5.385,-2.669
1ed_24b_9ea,2.864,-6.327,-1.678,2.836,-5.948,-1.78,2.355,-5.346,-2.657
TPA2_11b_1ea,2.865,-6.233,-1.794,2.838,-5.921,-1.894,2.241,-5.259,-2.697
2ed_22b_1ea,2.865,-6.84,-1.91,2.928,-6.507,-1.995,2.385,-5.83,-2.865
2ed_22b_8ea,2.866,-7.057,-2.072,2.937,-6.734,-2.154,2.475,-6.05,-2.993
1ed_4b_1ea,2.868,-6.607,-2.119,2.809,-6.276,-2.233,2.153,-5.615,-3.059
2ed_25b_1ea,2.87,-6.408,-2.063,2.784,-6.039,-2.167,2.158,-5.439,-2.995
2ed_22b_3ea,2.871,-6.803,-1.741,2.941,-6.463,-1.818,2.428,-5.788,-2.694
6ed_11b_1ea,2.872,-6.254,-1.687,2.883,-5.964,-1.788,2.307,-5.263,-2.591
7ed_17b_9ea,2.872,-6.2,-1.367,2.898,-5.875,-1.464,2.442,-5.192,-2.351
6ed_7b_1ea,2.872,-6.346,-1.751,2.88,-6.043,-1.844,2.364,-5.372,-2.662
2ed_2b_1ea,2.873,-6.515,-2.007,2.825,-6.167,-2.103,2.259,-5.543,-2.935
3ed_8b_2ea,2.874,-6.681,-1.713,2.916,-6.36,-1.835,2.605,-5.706,-2.641
7ed_25b_1ea,2.874,-6.568,-2.083,2.793,-6.188,-2.191,2.258,-5.587,-3.014
6ed_21b_5ea,2.875,-6.296,-1.297,2.94,-5.981,-1.385,2.405,-5.265,-2.251
2ed_15b_2ea,2.875,-6.957,-1.815,2.907,-6.64,-1.953,2.565,-5.947,-2.785
7ed_23b_4ea,2.878,-6.32,-1.83,2.833,-5.982,-1.933,2.306,-5.358,-2.727
1ed_9b_2ea,2.879,-6.399,-1.503,2.874,-6.035,-1.6,2.548,-5.442,-2.429
1ed_4b_2ea,2.879,-6.572,-1.939,2.835,-6.24,-2.058,2.233,-5.575,-2.872
5ed_6b_5ea,2.88,-5.97,-1.236,2.841,-5.607,-1.343,2.476,-5.003,-2.169
1ed_22b_1ea,2.882,-6.531,-2.02,2.857,-6.195,-2.096,2.144,-5.532,-2.958
7ed_24b_9ea,2.884,-6.53,-1.703,2.869,-6.153,-1.808,2.456,-5.537,-2.684
6ed_21b_1ea,2.885,-6.447,-1.746,2.938,-6.142,-1.841,2.284,-5.419,-2.692
3ed_2b_1ea,2.885,-6.59,-2.01,2.842,-6.237,-2.107,2.33,-5.615,-2.937
2ed_22b_7ea,2.886,-6.606,-1.497,2.957,-6.256,-1.566,2.391,-5.57,-2.465
1ed_25b_5ea,2.887,-6.267,-1.534,2.826,-5.89,-1.651,2.435,-5.294,-2.481
3ed_22b_11ea,2.888,-6.776,-1.826,2.933,-6.433,-1.906,2.411,-5.788,-2.779
5ed_22b_2ea,2.889,-6.14,-1.573,2.89,-5.829,-1.645,2.145,-5.128,-2.506
1ed_17b_9ea,2.889,-6.266,-1.526,2.884,-5.91,-1.621,2.382,-5.284,-2.521
5ed_25b_5ea,2.889,-6.065,-1.486,2.827,-5.72,-1.604,2.34,-5.077,-2.431
6ed_17b_1ea,2.89,-6.322,-1.709,2.9,-6.01,-1.8,2.421,-5.346,-2.61
3ed_6b_8ea,2.891,-6.587,-1.787,2.921,-6.252,-1.882,2.69,-5.637,-2.668
5ed_25b_3ea,2.891,-6.083,-1.62,2.825,-5.744,-1.727,2.261,-5.103,-2.562
6ed_21b_3ea,2.895,-6.508,-1.517,2.967,-6.197,-1.601,2.394,-5.474,-2.468
TPA2_3b_2ea,2.896,-6.107,-1.52,2.84,-5.767,-1.628,2.32,-5.12,-2.451
6ed_10b_3ea,2.899,-6.082,-1.421,2.89,-5.743,-1.508,2.45,-5.124,-2.329
1ed_3b_3ea,2.899,-6.41,-1.811,2.839,-6.042,-1.911,2.339,-5.436,-2.75
5ed_24b_1ea,2.902,-6.188,-2.032,2.805,-5.85,-2.129,2.012,-5.193,-2.957
2ed_3b_3ea,2.902,-6.488,-1.796,2.858,-6.123,-1.896,2.373,-5.505,-2.738
1ed_2b_1ea,2.905,-6.447,-2.027,2.834,-6.092,-2.125,2.207,-5.474,-2.958
2ed_22b_6ea,2.906,-6.778,-1.662,2.977,-6.437,-1.739,2.421,-5.741,-2.621
7ed_15b_1ea,2.906,-6.975,-2.005,2.918,-6.673,-2.135,2.557,-5.982,-2.956
5ed_13b_1ea,2.906,-6.259,-1.976,2.836,-5.941,-2.072,2.11,-5.283,-2.889
5ed_17b_1ea,2.907,-6.139,-1.699,2.857,-5.815,-1.791,2.226,-5.17,-2.619
3ed_22b_2ea,2.907,-6.759,-1.71,2.957,-6.402,-1.789,2.474,-5.769,-2.675
3ed_25b_1ea,2.908,-6.633,-2.087,2.828,-6.246,-2.194,2.303,-5.683,-3.025
6ed_25b_5ea,2.909,-6.152,-1.464,2.851,-5.802,-1.583,2.385,-5.149,-2.411
3ed_3b_3ea,2.909,-6.524,-1.785,2.867,-6.153,-1.883,2.428,-5.542,-2.723
3ed_21b_4ea,2.912,-6.793,-1.903,2.945,-6.458,-1.995,2.537,-5.821,-2.82
7ed_6b_8ea,2.919,-6.431,-1.642,2.956,-6.111,-1.734,2.704,-5.475,-2.51
1ed_11b_1ea,2.923,-6.391,-1.837,2.894,-6.059,-1.935,2.329,-5.421,-2.752
5ed_3b_2ea,2.924,-6.116,-1.518,2.868,-5.777,-1.624,2.332,-5.126,-2.449
7ed_6b_5ea,2.924,-6.051,-1.165,2.904,-5.683,-1.269,2.614,-5.074,-2.104
6ed_5b_1ea,2.924,-6.356,-1.729,2.932,-6.058,-1.828,2.347,-5.374,-2.657
3ed_22b_7ea,2.926,-6.65,-1.562,2.969,-6.279,-1.633,2.455,-5.639,-2.533
5ed_17b_8ea,2.928,-6.378,-1.665,2.943,-6.081,-1.769,2.459,-5.397,-2.573
5ed_25b_10ea,2.928,-6.08,-1.448,2.868,-5.738,-1.561,2.397,-5.093,-2.368
6ed_6b_3ea,2.929,-6.018,-1.32,2.922,-5.681,-1.405,2.471,-5.058,-2.233
7ed_3b_2ea,2.93,-6.256,-1.481,2.896,-5.905,-1.584,2.452,-5.262,-2.413
1ed_21b_10ea,2.93,-6.376,-1.664,2.935,-6.043,-1.731,2.31,-5.373,-2.585
3ed_22b_3ea,2.931,-6.868,-1.806,2.979,-6.51,-1.884,2.505,-5.878,-2.767
6ed_14b_1ea,2.934,-6.343,-1.703,2.942,-6.042,-1.8,2.364,-5.362,-2.63
7ed_25b_5ea,2.937,-6.448,-1.526,2.881,-6.055,-1.649,2.565,-5.476,-2.478
5ed_10b_3ea,2.938,-6.126,-1.515,2.9,-5.781,-1.607,2.404,-5.157,-2.426
7ed_13b_1ea,2.939,-6.501,-1.912,2.917,-6.178,-2.005,2.395,-5.526,-2.825
2ed_23b_4ea,2.942,-6.476,-1.901,2.89,-6.122,-2.005,2.345,-5.512,-2.816
TPA2_13b_1ea,2.943,-6.361,-1.973,2.878,-6.034,-2.069,2.194,-5.381,-2.892
3ed_15b_1ea,2.943,-7.149,-2.089,2.953,-6.828,-2.216,2.629,-6.166,-3.049
5ed_25b_9ea,2.945,-6.087,-1.443,2.889,-5.746,-1.554,2.378,-5.099,-2.439
1ed_25b_9ea,2.945,-6.281,-1.486,2.889,-5.909,-1.596,2.465,-5.309,-2.473
1ed_22b_6ea,2.946,-6.488,-1.815,2.938,-6.151,-1.883,2.227,-5.476,-2.752
1ed_17b_1ea,2.946,-6.461,-1.914,2.893,-6.112,-2.006,2.319,-5.499,-2.842
3ed_22b_1ea,2.948,-6.907,-1.91,2.992,-6.556,-1.992,2.497,-5.923,-2.869
5ed_7b_1ea,2.948,-6.286,-1.907,2.891,-5.975,-2.003,2.164,-5.304,-2.827
2ed_6b_5ea,2.949,-6.203,-1.265,2.922,-5.821,-1.369,2.627,-5.234,-2.217
3ed_3b_2ea,2.95,-6.409,-1.53,2.916,-6.038,-1.633,2.538,-5.424,-2.469
1ed_24b_1ea,2.951,-6.419,-2.052,2.859,-6.048,-2.151,2.177,-5.44,-2.988
1ed_21b_11ea,2.953,-6.446,-1.708,2.959,-6.117,-1.779,2.332,-5.439,-2.627
3ed_23b_4ea,2.955,-6.514,-1.881,2.909,-6.158,-1.985,2.412,-5.553,-2.793
7ed_21b_5ea,2.956,-6.37,-1.345,3.004,-6.035,-1.426,2.475,-5.355,-2.312
3ed_22b_6ea,2.956,-6.853,-1.744,3.003,-6.494,-1.822,2.493,-5.841,-2.71
1ed_25b_3ea,2.958,-6.298,-1.635,2.895,-5.929,-1.74,2.408,-5.327,-2.586
5ed_21b_6ea,2.959,-6.155,-1.459,2.974,-5.847,-1.532,2.26,-5.141,-2.401
5ed_2b_3ea,2.96,-6.232,-1.686,2.911,-5.907,-1.785,2.284,-5.245,-2.62
1ed_3b_2ea,2.961,-6.348,-1.558,2.908,-5.977,-1.663,2.478,-5.37,-2.5
TPA2_2b_3ea,2.961,-6.232,-1.677,2.913,-5.906,-1.776,2.292,-5.245,-2.611
1ed_24b_5ea,2.966,-6.321,-1.479,2.909,-5.937,-1.593,2.52,-5.34,-2.431
TPA2_10b_3ea,2.967,-6.21,-1.516,2.93,-5.855,-1.607,2.469,-5.242,-2.434
1ed_22b_7ea,2.968,-6.383,-1.648,2.963,-6.037,-1.709,2.27,-5.371,-2.592
5ed_25b_2ea,2.968,-6.073,-1.411,2.91,-5.731,-1.519,2.413,-5.086,-2.35
6ed_24b_3ea,2.97,-6.169,-1.601,2.911,-5.83,-1.7,2.298,-5.171,-2.539
TPA2_6b_3ea,2.97,-6.227,-1.543,2.932,-5.874,-1.634,2.454,-5.259,-2.465
1ed_22b_3ea,2.97,-6.483,-1.791,2.967,-6.148,-1.856,2.249,-5.471,-2.731
6ed_24b_5ea,2.971,-6.143,-1.453,2.913,-5.797,-1.568,2.371,-5.135,-2.405
7ed_2b_3ea,2.974,-6.463,-1.617,2.97,-6.127,-1.713,2.526,-5.469,-2.555
6ed_25b_3ea,2.974,-6.2,-1.601,2.915,-5.865,-1.708,2.332,-5.197,-2.548
5ed_5b_1ea,2.974,-6.217,-1.858,2.916,-5.908,-1.955,2.121,-5.227,-2.792
7ed_15b_3ea,2.974,-7.127,-1.917,2.998,-6.821,-2.062,2.667,-6.108,-2.89
2ed_13b_1ea,2.975,-6.636,-1.986,2.942,-6.295,-2.079,2.39,-5.663,-2.916
6ed_21b_8ea,2.976,-6.682,-1.635,3.056,-6.385,-1.724,2.533,-5.651,-2.554
5ed_25b_11ea,2.976,-6.106,-1.436,2.919,-5.769,-1.552,2.43,-5.114,-2.356
7ed_15b_2ea,2.977,-6.948,-1.702,3.005,-6.645,-1.852,2.664,-5.928,-2.683
TPA2_5b_1ea,2.977,-6.223,-1.854,2.921,-5.914,-1.951,2.12,-5.228,-2.789
6ed_25b_11ea,2.979,-6.222,-1.501,2.924,-5.886,-1.62,2.433,-5.214,-2.422
2ed_21b_5ea,2.979,-6.56,-1.374,3.049,-6.22,-1.449,2.513,-5.52,-2.347
2ed_3b_2ea,2.98,-6.414,-1.531,2.943,-6.047,-1.635,2.512,-5.425,-2.477
5ed_6b_3ea,2.98,-6.068,-1.386,2.942,-5.724,-1.478,2.45,-5.1,-2.311
1ed_25b_2ea,2.98,-6.244,-1.436,2.922,-5.87,-1.542,2.501,-5.274,-2.382
5ed_14b_1ea,2.981,-6.211,-1.858,2.923,-5.902,-1.954,2.106,-5.214,-2.792
3ed_22b_8ea,2.981,-7.147,-2.109,3.036,-6.81,-2.19,2.58,-6.157,-3.043
6ed_25b_10ea,2.989,-6.166,-1.412,2.937,-5.825,-1.526,2.457,-5.161,-2.338
2ed_21b_10ea,2.989,-6.612,-1.459,3.063,-6.286,-1.535,2.538,-5.589,-2.415
5ed_24b_5ea,2.989,-6.191,-1.488,2.929,-5.846,-1.605,2.427,-5.181,-2.438
TPA2_7b_1ea,2.989,-6.391,-1.906,2.938,-6.072,-2.002,2.248,-5.405,-2.833
7ed_10b_3ea,2.99,-6.23,-1.418,2.985,-5.876,-1.502,2.606,-5.268,-2.333
2ed_17b_1ea,2.991,-6.584,-1.799,2.99,-6.244,-1.887,2.533,-5.606,-2.725
1ed_10b_3ea,2.992,-6.339,-1.569,2.954,-5.965,-1.658,2.541,-5.386,-2.494
2ed_24b_5ea,2.993,-6.403,-1.493,2.942,-6.021,-1.607,2.55,-5.415,-2.45
6ed_12b_1ea,2.993,-6.31,-1.779,2.959,-6.004,-1.868,2.176,-5.285,-2.721
2ed_21b_9ea,2.995,-6.561,-1.376,3.068,-6.228,-1.447,2.539,-5.54,-2.356
1ed_21b_1ea,2.995,-6.449,-1.91,2.976,-6.119,-1.993,2.203,-5.442,-2.862
5ed_21b_3ea,2.996,-6.235,-1.558,3.01,-5.927,-1.627,2.285,-5.222,-2.497
6ed_2b_2ea,2.996,-6.172,-1.293,2.994,-5.849,-1.39,2.5,-5.176,-2.233
2ed_24b_1ea,2.996,-6.509,-2.057,2.908,-6.136,-2.153,2.223,-5.525,-2.997
1ed_13b_1ea,2.997,-6.525,-2.016,2.933,-6.178,-2.111,2.297,-5.553,-2.946
1ed_25b_11ea,2.999,-6.329,-1.523,2.94,-5.961,-1.638,2.514,-5.348,-2.45
6ed_25b_9ea,3.0,-6.169,-1.412,2.952,-5.829,-1.525,2.42,-5.164,-2.422
3ed_25b_5ea,3.001,-6.542,-1.524,2.949,-6.148,-1.645,2.629,-5.568,-2.484
6ed_21b_7ea,3.001,-6.252,-1.022,3.091,-5.936,-1.096,2.489,-5.203,-2.007
2ed_2b_3ea,3.002,-6.597,-1.691,2.989,-6.244,-1.786,2.521,-5.607,-2.644
1ed_21b_2ea,3.002,-6.346,-1.562,3.009,-6.013,-1.629,2.336,-5.338,-2.509
3ed_24b_1ea,3.004,-6.756,-2.085,2.932,-6.369,-2.186,2.402,-5.786,-3.024
5ed_25b_6ea,3.004,-6.089,-1.318,2.951,-5.747,-1.428,2.487,-5.101,-2.255
6ed_21b_6ea,3.008,-6.331,-1.13,3.09,-6.019,-1.214,2.482,-5.28,-2.108
7ed_7b_1ea,3.008,-6.583,-1.817,3.018,-6.272,-1.909,2.536,-5.597,-2.739
1ed_17b_8ea,3.011,-6.646,-1.761,3.023,-6.323,-1.86,2.589,-5.669,-2.692
6ed_10b_2ea,3.013,-5.978,-1.132,3.008,-5.638,-1.219,2.583,-5.011,-2.05
2ed_21b_1ea,3.013,-6.753,-1.83,3.07,-6.426,-1.921,2.465,-5.728,-2.791
7ed_22b_6ea,3.015,-6.849,-1.593,3.086,-6.523,-1.679,2.538,-5.804,-2.558
7ed_17b_1ea,3.017,-6.51,-1.746,3.03,-6.189,-1.834,2.596,-5.53,-2.657
2ed_7b_1ea,3.017,-6.693,-1.891,3.015,-6.364,-1.982,2.493,-5.711,-2.831
7ed_21b_10ea,3.018,-6.434,-1.371,3.076,-6.114,-1.451,2.532,-5.429,-2.334
7ed_21b_2ea,3.019,-6.42,-1.31,3.084,-6.096,-1.39,2.55,-5.414,-2.286
6ed_25b_2ea,3.019,-6.161,-1.383,2.968,-5.821,-1.49,2.465,-5.156,-2.326
1ed_7b_1ea,3.02,-6.554,-1.961,2.969,-6.213,-2.056,2.334,-5.577,-2.897
3ed_15b_3ea,3.02,-7.324,-2.019,3.042,-6.997,-2.156,2.752,-6.315,-3.001
2ed_25b_3ea,3.021,-6.44,-1.628,2.962,-6.066,-1.733,2.496,-5.458,-2.581
1ed_22b_2ea,3.021,-6.431,-1.674,3.017,-6.095,-1.739,2.303,-5.419,-2.619
1ed_6b_3ea,3.021,-6.274,-1.451,2.986,-5.9,-1.538,2.578,-5.32,-2.382
5ed_24b_3ea,3.023,-6.185,-1.582,2.959,-5.844,-1.682,2.367,-5.185,-2.523
3ed_15b_2ea,3.023,-7.137,-1.803,3.048,-6.815,-1.946,2.743,-6.126,-2.792
1ed_2b_3ea,3.024,-6.502,-1.739,2.98,-6.147,-1.835,2.455,-5.521,-2.687
3ed_13b_1ea,3.024,-6.713,-1.964,3.001,-6.37,-2.056,2.521,-5.739,-2.89
2ed_10b_3ea,3.024,-6.396,-1.522,3.008,-6.027,-1.607,2.606,-5.437,-2.454
2ed_11b_1ea,3.026,-6.627,-1.802,3.034,-6.311,-1.901,2.495,-5.628,-2.731
5ed_2b_2ea,3.026,-6.16,-1.417,2.986,-5.832,-1.52,2.432,-5.167,-2.355
2ed_5b_1ea,3.026,-6.636,-1.816,3.033,-6.313,-1.91,2.49,-5.656,-2.763
6ed_23b_1ea,3.027,-6.124,-1.738,2.945,-5.794,-1.828,2.143,-5.145,-2.686
1ed_25b_6ea,3.027,-6.291,-1.366,2.974,-5.919,-1.475,2.58,-5.314,-2.307
2ed_14b_1ea,3.027,-6.629,-1.811,3.035,-6.304,-1.903,2.489,-5.647,-2.757
7ed_21b_11ea,3.028,-6.488,-1.416,3.088,-6.171,-1.499,2.544,-5.481,-2.377
2ed_23b_8ea,3.029,-6.576,-1.639,3.052,-6.241,-1.724,2.638,-5.611,-2.566
1ed_23b_8ea,3.03,-6.518,-1.725,3.018,-6.176,-1.816,2.534,-5.548,-2.647
2ed_25b_11ea,3.031,-6.438,-1.516,2.976,-6.065,-1.633,2.577,-5.452,-2.446
5ed_10b_2ea,3.032,-6.03,-1.224,2.999,-5.681,-1.317,2.556,-5.059,-2.143
2ed_21b_8ea,3.033,-6.953,-1.774,3.117,-6.636,-1.855,2.631,-5.921,-2.709
5ed_6b_10ea,3.035,-6.003,-1.2,2.991,-5.652,-1.3,2.549,-5.031,-2.114
TPA2_14b_1ea,3.035,-6.333,-1.854,2.982,-6.017,-1.95,2.208,-5.331,-2.794
6ed_23b_8ea,3.035,-6.276,-1.432,3.061,-5.966,-1.519,2.619,-5.309,-2.34
5ed_6b_11ea,3.036,-6.057,-1.26,2.992,-5.713,-1.366,2.548,-5.083,-2.169
5ed_11b_3ea,3.039,-6.154,-1.396,3.037,-5.846,-1.494,2.466,-5.163,-2.319
2ed_25b_2ea,3.042,-6.368,-1.423,2.989,-5.989,-1.531,2.588,-5.39,-2.373
7ed_21b_3ea,3.042,-6.529,-1.417,3.104,-6.204,-1.496,2.578,-5.52,-2.386
7ed_25b_3ea,3.043,-6.575,-1.649,2.985,-6.192,-1.759,2.583,-5.574,-2.602
6ed_24b_11ea,3.044,-6.213,-1.464,2.989,-5.875,-1.578,2.452,-5.205,-2.385
7ed_24b_1ea,3.044,-6.73,-2.071,2.968,-6.363,-2.174,2.366,-5.68,-3.016
6ed_25b_6ea,3.046,-6.182,-1.294,3.002,-5.839,-1.407,2.538,-5.175,-2.235
7ed_11b_1ea,3.047,-6.542,-1.761,3.064,-6.25,-1.863,2.488,-5.523,-2.679
TPA2_2b_2ea,3.048,-6.169,-1.399,3.009,-5.841,-1.501,2.45,-5.173,-2.34
6ed_6b_11ea,3.049,-6.031,-1.157,3.027,-5.693,-1.259,2.601,-5.059,-2.069
6ed_24b_10ea,3.049,-6.163,-1.392,2.997,-5.821,-1.501,2.469,-5.154,-2.317
2ed_25b_10ea,3.051,-6.428,-1.455,2.997,-6.052,-1.568,2.612,-5.44,-2.388
6ed_6b_2ea,3.052,-5.934,-1.026,3.048,-5.592,-1.109,2.617,-4.966,-1.957
5ed_25b_7ea,3.053,-6.038,-1.058,3.01,-5.689,-1.157,2.611,-5.044,-1.982
2ed_25b_9ea,3.053,-6.379,-1.347,3.006,-5.998,-1.467,2.565,-5.396,-2.417
TPA2_10b_2ea,3.053,-6.107,-1.226,3.022,-5.746,-1.318,2.614,-5.138,-2.151
6ed_6b_10ea,3.054,-6.003,-1.143,3.03,-5.662,-1.241,2.578,-5.028,-2.06
6ed_13b_3ea,3.054,-6.378,-1.469,3.07,-6.061,-1.561,2.589,-5.389,-2.406
7ed_24b_5ea,3.055,-6.601,-1.504,3.011,-6.213,-1.622,2.691,-5.595,-2.464
TPA2_5b_3ea,3.057,-6.269,-1.585,3.042,-5.958,-1.674,2.36,-5.267,-2.519
2ed_21b_3ea,3.058,-6.73,-1.454,3.143,-6.398,-1.528,2.639,-5.705,-2.422
7ed_23b_8ea,3.058,-6.474,-1.529,3.094,-6.155,-1.615,2.71,-5.503,-2.442
3ed_25b_3ea,3.058,-6.622,-1.654,3.0,-6.229,-1.764,2.618,-5.66,-2.61
TPA2_6b_2ea,3.058,-6.134,-1.261,3.026,-5.777,-1.352,2.599,-5.164,-2.189
3ed_10b_3ea,3.058,-6.422,-1.488,3.048,-6.049,-1.571,2.695,-5.462,-2.417
3ed_25b_9ea,3.06,-6.569,-1.478,3.016,-6.177,-1.593,2.627,-5.601,-2.481
5ed_14b_3ea,3.06,-6.258,-1.585,3.043,-5.948,-1.672,2.347,-5.254,-2.519
7ed_6b_3ea,3.062,-6.202,-1.286,3.056,-5.848,-1.37,2.67,-5.233,-2.216
1ed_24b_3ea,3.062,-6.391,-1.603,3.001,-6.016,-1.702,2.503,-5.41,-2.554
5ed_6b_2ea,3.063,-6.001,-1.155,3.031,-5.653,-1.246,2.576,-5.029,-2.084
5ed_24b_11ea,3.063,-6.185,-1.464,3.001,-5.847,-1.579,2.477,-5.18,-2.385
7ed_21b_1ea,3.064,-6.579,-1.702,3.11,-6.258,-1.787,2.514,-5.573,-2.655
5ed_17b_5ea,3.066,-6.038,-1.042,3.044,-5.696,-1.152,2.607,-5.042,-2.023
3ed_17b_1ea,3.066,-6.688,-1.819,3.073,-6.348,-1.906,2.665,-5.709,-2.746
3ed_6b_5ea,3.066,-6.453,-1.303,3.043,-6.061,-1.411,2.808,-5.462,-2.263
3ed_2b_3ea,3.069,-6.692,-1.681,3.06,-6.335,-1.775,2.644,-5.694,-2.634
5ed_23b_8ea,3.07,-6.284,-1.614,3.045,-5.967,-1.705,2.45,-5.302,-2.524
7ed_2b_2ea,3.072,-6.353,-1.329,3.071,-6.017,-1.426,2.656,-5.349,-2.272
1ed_10b_2ea,3.078,-6.231,-1.281,3.045,-5.853,-1.371,2.676,-5.276,-2.213
7ed_14b_1ea,3.079,-6.55,-1.677,3.091,-6.235,-1.77,2.602,-5.576,-2.614
3ed_25b_10ea,3.079,-6.548,-1.475,3.024,-6.16,-1.591,2.694,-5.578,-2.41
7ed_21b_8ea,3.08,-6.779,-1.704,3.154,-6.473,-1.785,2.645,-5.765,-2.635
2ed_6b_3ea,3.081,-6.344,-1.385,3.065,-5.975,-1.47,2.658,-5.381,-2.329
7ed_5b_1ea,3.082,-6.586,-1.728,3.093,-6.279,-1.825,2.564,-5.599,-2.669
6ed_24b_2ea,3.083,-6.157,-1.358,3.032,-5.816,-1.46,2.477,-5.151,-2.302
3ed_25b_2ea,3.084,-6.508,-1.445,3.031,-6.116,-1.555,2.688,-5.546,-2.397
1ed_6b_10ea,3.086,-6.209,-1.255,3.043,-5.832,-1.353,2.669,-5.249,-2.18
TPA2_11b_3ea,3.087,-6.263,-1.396,3.088,-5.948,-1.494,2.547,-5.267,-2.326
1ed_6b_2ea,3.087,-6.186,-1.225,3.055,-5.809,-1.312,2.675,-5.231,-2.162
7ed_25b_10ea,3.088,-6.515,-1.456,3.034,-6.135,-1.571,2.677,-5.516,-2.39
1ed_6b_11ea,3.088,-6.271,-1.313,3.045,-5.899,-1.416,2.675,-5.309,-2.234
3ed_24b_5ea,3.089,-6.629,-1.493,3.043,-6.231,-1.607,2.718,-5.634,-2.459
1ed_25b_7ea,3.091,-6.237,-1.117,3.046,-5.855,-1.212,2.692,-5.253,-2.051
1ed_5b_1ea,3.091,-6.513,-1.913,3.039,-6.176,-2.006,2.311,-5.519,-2.861
1ed_24b_11ea,3.091,-6.41,-1.488,3.032,-6.037,-1.601,2.614,-5.421,-2.414
1ed_2b_2ea,3.092,-6.42,-1.469,3.055,-6.061,-1.569,2.598,-5.435,-2.42
2ed_12b_1ea,3.093,-6.558,-1.794,3.061,-6.215,-1.879,2.417,-5.553,-2.748
5ed_23b_1ea,3.095,-6.143,-1.768,2.998,-5.808,-1.86,2.161,-5.159,-2.722
6ed_14b_3ea,3.096,-6.445,-1.332,3.15,-6.139,-1.425,2.693,-5.439,-2.278
3ed_21b_10ea,3.097,-6.654,-1.442,3.155,-6.314,-1.517,2.642,-5.654,-2.414
2ed_21b_6ea,3.098,-6.703,-1.334,3.185,-6.369,-1.408,2.612,-5.65,-2.319
3ed_25b_11ea,3.098,-6.622,-1.536,3.042,-6.234,-1.655,2.707,-5.649,-2.469
3ed_7b_1ea,3.099,-6.81,-1.885,3.105,-6.478,-1.976,2.65,-5.821,-2.824
7ed_23b_1ea,3.099,-6.277,-1.734,3.023,-5.933,-1.823,2.285,-5.296,-2.684
5ed_13b_3ea,3.099,-6.312,-1.618,3.064,-5.993,-1.712,2.423,-5.323,-2.555
6ed_5b_3ea,3.1,-6.453,-1.332,3.154,-6.148,-1.427,2.702,-5.449,-2.279
5ed_21b_7ea,3.1,-6.037,-1.163,3.115,-5.72,-1.225,2.399,-5.018,-2.12
6ed_11b_3ea,3.101,-6.297,-1.201,3.156,-6.004,-1.299,2.657,-5.276,-2.143
7ed_10b_2ea,3.101,-6.109,-1.122,3.099,-5.754,-1.205,2.736,-5.138,-2.045
7ed_21b_7ea,3.103,-6.33,-1.079,3.166,-5.994,-1.152,2.595,-5.3,-2.075
1ed_14b_1ea,3.103,-6.504,-1.899,3.05,-6.167,-1.992,2.317,-5.509,-2.848
5ed_24b_2ea,3.106,-6.15,-1.341,3.049,-5.803,-1.443,2.528,-5.147,-2.286
6ed_21b_2ea,3.106,-6.366,-1.044,3.2,-6.06,-1.123,2.6,-5.313,-2.028
3ed_6b_3ea,3.107,-6.354,-1.346,3.097,-5.982,-1.429,2.742,-5.39,-2.286
2ed_24b_11ea,3.108,-6.473,-1.499,3.054,-6.099,-1.611,2.629,-5.48,-2.429
3ed_6b_9ea,3.109,-6.416,-1.242,3.109,-6.04,-1.355,2.546,-5.435,-2.317
5ed_24b_10ea,3.11,-6.152,-1.377,3.05,-5.81,-1.485,2.516,-5.145,-2.308
6ed_17b_5ea,3.111,-6.047,-0.792,3.135,-5.711,-0.899,2.792,-5.02,-1.778
2ed_2b_2ea,3.111,-6.505,-1.404,3.102,-6.152,-1.5,2.662,-5.505,-2.364
TPA2_14b_3ea,3.112,-6.381,-1.589,3.1,-6.063,-1.675,2.443,-5.372,-2.527
3ed_24b_9ea,3.115,-6.661,-1.461,3.095,-6.269,-1.571,2.668,-5.675,-2.478
7ed_22b_3ea,3.123,-6.892,-1.512,3.206,-6.568,-1.595,2.653,-5.841,-2.482
7ed_25b_2ea,3.124,-6.526,-1.416,3.071,-6.136,-1.527,2.72,-5.555,-2.369
6ed_25b_7ea,3.126,-6.152,-1.021,3.091,-5.798,-1.124,2.685,-5.136,-1.955
3ed_21b_11ea,3.126,-6.724,-1.485,3.186,-6.388,-1.563,2.678,-5.721,-2.453
3ed_17b_9ea,3.127,-6.519,-1.136,3.153,-6.173,-1.262,2.542,-5.494,-2.262
2ed_24b_3ea,3.128,-6.48,-1.598,3.07,-6.104,-1.695,2.538,-5.487,-2.56
2ed_17b_9ea,3.13,-6.453,-1.135,3.152,-6.108,-1.261,2.519,-5.436,-2.261
7ed_6b_2ea,3.131,-6.076,-1.048,3.129,-5.722,-1.128,2.749,-5.103,-1.982
1ed_24b_2ea,3.132,-6.346,-1.382,3.077,-5.968,-1.482,2.634,-5.362,-2.333
1ed_11b_3ea,3.134,-6.424,-1.461,3.133,-6.089,-1.555,2.624,-5.436,-2.402
TPA2_13b_3ea,3.135,-6.42,-1.626,3.104,-6.093,-1.719,2.5,-5.426,-2.567
7ed_6b_11ea,3.137,-6.179,-1.166,3.116,-5.831,-1.267,2.744,-5.201,-2.082
3ed_21b_2ea,3.137,-6.698,-1.362,3.204,-6.349,-1.437,2.718,-5.692,-2.349
2ed_10b_2ea,3.137,-6.285,-1.223,3.125,-5.914,-1.308,2.75,-5.319,-2.162
7ed_6b_10ea,3.138,-6.119,-1.119,3.115,-5.764,-1.214,2.727,-5.142,-2.039
3ed_5b_1ea,3.141,-6.769,-1.792,3.149,-6.442,-1.886,2.656,-5.787,-2.744
1ed_21b_6ea,3.142,-6.445,-1.493,3.15,-6.11,-1.558,2.453,-5.423,-2.451
1ed_17b_5ea,3.144,-6.329,-1.153,3.122,-5.961,-1.259,2.745,-5.335,-2.153
2ed_25b_6ea,3.144,-6.441,-1.315,3.096,-6.063,-1.426,2.707,-5.446,-2.269
5ed_11b_2ea,3.147,-6.043,-1.099,3.15,-5.733,-1.197,2.607,-5.046,-2.029
2ed_6b_11ea,3.147,-6.318,-1.257,3.121,-5.955,-1.357,2.748,-5.348,-2.183
3ed_21b_3ea,3.148,-6.797,-1.484,3.211,-6.446,-1.558,2.735,-5.792,-2.462
2ed_24b_2ea,3.152,-6.413,-1.391,3.102,-6.035,-1.491,2.656,-5.423,-2.344
6ed_14b_2ea,3.152,-6.302,-1.078,3.215,-5.999,-1.169,2.76,-5.292,-2.026
5ed_5b_2ea,3.153,-6.181,-1.329,3.144,-5.869,-1.419,2.503,-5.178,-2.262
5ed_23b_5ea,3.153,-6.092,-1.057,3.12,-5.743,-1.161,2.673,-5.101,-2.026
1ed_21b_3ea,3.155,-6.47,-1.539,3.165,-6.137,-1.604,2.466,-5.45,-2.498
7ed_24b_3ea,3.155,-6.712,-1.637,3.107,-6.331,-1.74,2.701,-5.671,-2.591
6ed_23b_5ea,3.155,-6.004,-0.917,3.142,-5.659,-1.016,2.688,-5.015,-1.896
2ed_6b_2ea,3.158,-6.256,-1.171,3.145,-5.886,-1.254,2.756,-5.29,-2.116
6ed_13b_2ea,3.158,-6.253,-1.174,3.179,-5.938,-1.263,2.709,-5.257,-2.117
TPA2_5b_2ea,3.158,-6.179,-1.326,3.148,-5.868,-1.415,2.489,-5.171,-2.262
2ed_24b_10ea,3.158,-6.446,-1.413,3.106,-6.069,-1.519,2.668,-5.448,-2.352
6ed_7b_3ea,3.158,-6.468,-1.275,3.206,-6.158,-1.368,2.75,-5.457,-2.238
2ed_6b_10ea,3.158,-6.274,-1.208,3.13,-5.905,-1.303,2.749,-5.305,-2.139
5ed_14b_2ea,3.159,-6.169,-1.326,3.149,-5.859,-1.414,2.479,-5.16,-2.262
3ed_21b_1ea,3.16,-6.84,-1.745,3.208,-6.496,-1.83,2.682,-5.839,-2.71
1ed_23b_1ea,3.16,-6.383,-1.806,3.071,-6.018,-1.896,2.331,-5.41,-2.771
3ed_24b_3ea,3.164,-6.747,-1.643,3.116,-6.354,-1.745,2.725,-5.765,-2.601
6ed_5b_2ea,3.165,-6.314,-1.069,3.228,-6.012,-1.161,2.781,-5.306,-2.018
5ed_23b_9ea,3.165,-6.092,-1.096,3.174,-5.747,-1.221,2.528,-5.104,-2.204
3ed_21b_5ea,3.168,-6.724,-1.297,3.238,-6.376,-1.373,2.734,-5.678,-2.28
6ed_24b_6ea,3.168,-6.183,-1.24,3.122,-5.84,-1.349,2.587,-5.17,-2.188
3ed_11b_1ea,3.168,-6.824,-1.813,3.185,-6.512,-1.914,2.671,-5.8,-2.746
5ed_7b_3ea,3.168,-6.348,-1.508,3.148,-6.034,-1.602,2.5,-5.349,-2.463
1ed_21b_7ea,3.169,-6.305,-1.299,3.18,-5.963,-1.357,2.474,-5.279,-2.272
3ed_23b_9ea,3.169,-6.36,-1.099,3.195,-5.988,-1.224,2.609,-5.376,-2.221
1ed_23b_9ea,3.169,-6.309,-1.139,3.183,-5.934,-1.258,2.632,-5.336,-2.245
7ed_17b_5ea,3.172,-6.199,-0.848,3.196,-5.854,-0.952,2.899,-5.169,-1.838
3ed_2b_2ea,3.173,-6.59,-1.392,3.168,-6.233,-1.488,2.781,-5.582,-2.351
5ed_5b_3ea,3.174,-6.242,-1.463,3.158,-5.93,-1.55,2.436,-5.237,-2.418
2ed_23b_1ea,3.175,-6.447,-1.796,3.098,-6.088,-1.885,2.358,-5.468,-2.761
2ed_14b_3ea,3.175,-6.731,-1.461,3.23,-6.4,-1.545,2.81,-5.731,-2.424
3ed_6b_11ea,3.175,-6.322,-1.222,3.152,-5.957,-1.321,2.816,-5.35,-2.145
2ed_5b_3ea,3.175,-6.741,-1.468,3.229,-6.411,-1.552,2.814,-5.742,-2.432
1ed_5b_3ea,3.176,-6.563,-1.668,3.158,-6.225,-1.752,2.524,-5.562,-2.619
2ed_21b_2ea,3.179,-6.644,-1.181,3.274,-6.312,-1.251,2.691,-5.585,-2.176
TPA2_12b_1ea,3.181,-6.399,-1.75,3.128,-6.076,-1.842,2.323,-5.37,-2.708
2ed_25b_7ea,3.182,-6.345,-1.047,3.141,-5.952,-1.148,2.813,-5.352,-1.992
1ed_14b_3ea,3.182,-6.557,-1.653,3.165,-6.218,-1.735,2.532,-5.555,-2.602
1ed_23b_5ea,3.182,-6.253,-1.11,3.147,-5.871,-1.207,2.759,-5.28,-2.088
3ed_10b_2ea,3.183,-6.33,-1.198,3.176,-5.956,-1.283,2.843,-5.358,-2.135
3ed_23b_1ea,3.184,-6.478,-1.779,3.109,-6.115,-1.866,2.409,-5.499,-2.739
2ed_13b_3ea,3.185,-6.721,-1.599,3.194,-6.377,-1.687,2.734,-5.729,-2.561
5ed_6b_6ea,3.187,-6.034,-1.025,3.146,-5.681,-1.125,2.688,-5.051,-1.967
1ed_13b_3ea,3.187,-6.587,-1.681,3.154,-6.239,-1.771,2.593,-5.602,-2.634
3ed_12b_1ea,3.191,-6.733,-1.804,3.173,-6.39,-1.89,2.567,-5.702,-2.759
7ed_11b_3ea,3.192,-6.366,-1.122,3.261,-6.066,-1.211,2.885,-5.359,-2.062
6ed_6b_6ea,3.192,-6.019,-0.941,3.175,-5.672,-1.037,2.713,-5.032,-1.889
TPA2_11b_2ea,3.196,-6.152,-1.097,3.203,-5.837,-1.195,2.692,-5.151,-2.034
5ed_13b_2ea,3.199,-6.22,-1.318,3.174,-5.899,-1.412,2.59,-5.225,-2.258
7ed_13b_3ea,3.203,-6.611,-1.487,3.221,-6.283,-1.576,2.788,-5.609,-2.435
7ed_25b_7ea,3.205,-6.391,-1.07,3.159,-5.997,-1.176,2.846,-5.389,-2.012
7ed_23b_5ea,3.205,-6.111,-0.934,3.189,-5.749,-1.029,2.787,-5.12,-1.913
3ed_23b_8ea,3.207,-6.666,-1.551,3.233,-6.329,-1.636,2.861,-5.697,-2.482
3ed_25b_6ea,3.208,-6.606,-1.345,3.156,-6.21,-1.459,2.831,-5.625,-2.3
TPA2_14b_2ea,3.209,-6.294,-1.332,3.202,-5.976,-1.419,2.575,-5.28,-2.271
2ed_23b_9ea,3.21,-6.301,-1.113,3.236,-5.929,-1.249,2.553,-5.318,-2.254
TPA2_7b_3ea,3.21,-6.459,-1.515,3.193,-6.138,-1.609,2.581,-5.456,-2.475
6ed_11b_2ea,3.212,-6.154,-0.899,3.272,-5.862,-0.994,2.766,-5.127,-1.849
1ed_6b_6ea,3.214,-6.247,-1.107,3.174,-5.864,-1.205,2.785,-5.275,-2.059
2ed_17b_5ea,3.216,-6.382,-0.96,3.231,-6.021,-1.063,2.909,-5.355,-1.971
5ed_17b_3ea,3.218,-6.195,-1.21,3.203,-5.87,-1.301,2.629,-5.203,-2.18
5ed_12b_1ea,3.219,-6.383,-1.74,3.189,-6.077,-1.834,2.336,-5.348,-2.684
7ed_24b_10ea,3.228,-6.655,-1.419,3.181,-6.27,-1.528,2.823,-5.64,-2.358
7ed_12b_1ea,3.229,-6.646,-1.767,3.209,-6.335,-1.857,2.463,-5.58,-2.724
2ed_23b_5ea,3.23,-6.292,-1.051,3.21,-5.916,-1.145,2.809,-5.307,-2.04
7ed_25b_6ea,3.231,-6.584,-1.316,3.18,-6.197,-1.43,2.825,-5.562,-2.272
3ed_25b_7ea,3.231,-6.453,-1.087,3.184,-6.048,-1.192,2.908,-5.472,-2.034
5ed_23b_3ea,3.231,-6.1,-1.174,3.2,-5.76,-1.257,2.614,-5.115,-2.14
5ed_24b_6ea,3.232,-6.175,-1.215,3.176,-5.832,-1.323,2.647,-5.162,-2.169
2ed_5b_2ea,3.233,-6.594,-1.213,3.295,-6.267,-1.296,2.879,-5.591,-2.177
2ed_14b_2ea,3.233,-6.585,-1.208,3.295,-6.258,-1.29,2.874,-5.58,-2.171
2ed_11b_3ea,3.234,-6.665,-1.349,3.284,-6.345,-1.442,2.799,-5.637,-2.315
1ed_11b_2ea,3.236,-6.308,-1.164,3.241,-5.974,-1.258,2.763,-5.315,-2.111
7ed_24b_11ea,3.237,-6.726,-1.485,3.188,-6.344,-1.599,2.828,-5.689,-2.422
TPA2_13b_2ea,3.238,-6.332,-1.324,3.216,-6.003,-1.418,2.67,-5.333,-2.27
6ed_17b_8ea,3.241,-6.606,-1.222,3.322,-6.319,-1.327,3.008,-5.58,-2.161
6ed_23b_3ea,3.245,-6.09,-1.088,3.243,-5.757,-1.166,2.646,-5.102,-2.059
6ed_7b_2ea,3.247,-6.319,-0.984,3.301,-6.012,-1.072,2.849,-5.302,-1.952
7ed_5b_2ea,3.247,-6.475,-1.114,3.427,-6.241,-1.148,3.03,-5.538,-2.02
2ed_24b_6ea,3.248,-6.459,-1.282,3.2,-6.08,-1.388,2.772,-5.459,-2.239
3ed_24b_11ea,3.253,-6.77,-1.5,3.205,-6.383,-1.613,2.849,-5.772,-2.44
1ed_24b_6ea,3.253,-6.391,-1.257,3.199,-6.013,-1.363,2.761,-5.395,-2.214
3ed_23b_5ea,3.255,-6.294,-1.008,3.238,-5.915,-1.101,2.871,-5.306,-1.995
3ed_11b_3ea,3.259,-6.56,-1.195,3.327,-6.243,-1.28,2.983,-5.555,-2.147
2ed_7b_3ea,3.262,-6.811,-1.441,3.303,-6.474,-1.527,2.859,-5.798,-2.429
3ed_24b_10ea,3.262,-6.702,-1.423,3.215,-6.313,-1.531,2.852,-5.702,-2.367
3ed_17b_5ea,3.266,-6.422,-0.942,3.286,-6.059,-1.042,3.018,-5.388,-1.948
1ed_5b_2ea,3.266,-6.472,-1.41,3.255,-6.133,-1.495,2.655,-5.467,-2.361
1ed_7b_3ea,3.268,-6.638,-1.585,3.249,-6.296,-1.675,2.669,-5.643,-2.557
5ed_17b_11ea,3.268,-6.153,-1.103,3.242,-5.832,-1.211,2.7,-5.155,-2.051
5ed_23b_10ea,3.271,-6.083,-1.022,3.242,-5.74,-1.117,2.738,-5.092,-1.963
5ed_17b_10ea,3.272,-6.112,-1.062,3.246,-5.786,-1.162,2.7,-5.115,-2.013
5ed_23b_11ea,3.273,-6.121,-1.066,3.243,-5.782,-1.166,2.738,-5.13,-2.002
5ed_24b_7ea,3.273,-6.104,-0.881,3.228,-5.745,-0.981,2.829,-5.093,-1.82
1ed_14b_2ea,3.274,-6.467,-1.395,3.263,-6.127,-1.478,2.664,-5.461,-2.345
5ed_6b_7ea,3.275,-5.889,-0.6,3.25,-5.516,-0.688,2.869,-4.902,-1.555
3ed_13b_3ea,3.277,-6.835,-1.573,3.29,-6.486,-1.659,2.89,-5.834,-2.535
3ed_21b_6ea,3.277,-6.894,-1.297,3.359,-6.556,-1.374,2.837,-5.841,-2.289
5ed_7b_2ea,3.279,-6.25,-1.201,3.269,-5.935,-1.294,2.669,-5.246,-2.16
7ed_24b_2ea,3.279,-6.668,-1.381,3.235,-6.278,-1.483,2.853,-5.653,-2.341
3ed_21b_8ea,3.28,-7.129,-1.701,3.368,-6.81,-1.782,2.882,-6.095,-2.649
6ed_23b_10ea,3.281,-6.041,-0.949,3.275,-5.704,-1.042,2.747,-5.052,-1.893
1ed_13b_2ea,3.281,-6.493,-1.383,3.257,-6.143,-1.473,2.753,-5.503,-2.339
1ed_12b_1ea,3.285,-6.703,-1.767,3.265,-6.365,-1.857,2.609,-5.674,-2.721
7ed_11b_2ea,3.285,-6.181,-0.808,3.36,-5.884,-0.892,2.996,-5.171,-1.751
1ed_17b_3ea,3.286,-6.463,-1.315,3.269,-6.11,-1.403,2.754,-5.475,-2.301
7ed_21b_6ea,3.287,-6.781,-1.182,3.371,-6.459,-1.268,2.831,-5.725,-2.178
6ed_23b_11ea,3.287,-6.089,-0.97,3.282,-5.755,-1.067,2.769,-5.099,-1.911
6ed_24b_7ea,3.287,-6.113,-0.856,3.257,-5.762,-0.954,2.804,-5.09,-1.802
3ed_24b_2ea,3.295,-6.702,-1.392,3.25,-6.309,-1.493,2.87,-5.707,-2.356
2ed_17b_8ea,3.296,-6.868,-1.365,3.378,-6.56,-1.461,3.134,-5.849,-2.322
2ed_13b_2ea,3.297,-6.602,-1.295,3.31,-6.258,-1.381,2.868,-5.602,-2.261
7ed_5b_3ea,3.3,-6.705,-1.322,3.354,-6.389,-1.413,2.955,-5.695,-2.285
5ed_17b_2ea,3.301,-6.116,-0.973,3.295,-5.789,-1.061,2.75,-5.118,-1.948
3ed_6b_10ea,3.303,-6.537,-1.242,3.277,-6.161,-1.341,2.952,-5.548,-2.178
7ed_6b_6ea,3.304,-6.185,-0.936,3.286,-5.824,-1.031,2.88,-5.188,-1.89
1ed_23b_3ea,3.304,-6.345,-1.228,3.276,-5.977,-1.308,2.763,-5.367,-2.204
7ed_13b_2ea,3.305,-6.466,-1.181,3.327,-6.14,-1.268,2.912,-5.457,-2.133
1ed_23b_10ea,3.307,-6.295,-1.081,3.279,-5.923,-1.173,2.849,-5.319,-2.03
6ed_17b_3ea,3.308,-6.27,-0.959,3.357,-5.953,-1.047,2.911,-5.253,-1.923
5ed_23b_2ea,3.311,-6.048,-0.946,3.289,-5.706,-1.027,2.752,-5.057,-1.91
1ed_23b_11ea,3.314,-6.348,-1.131,3.284,-5.981,-1.228,2.856,-5.371,-2.077
7ed_23b_3ea,3.316,-6.225,-1.084,3.313,-5.877,-1.159,2.782,-5.238,-2.056
6ed_23b_2ea,3.316,-6.013,-0.848,3.324,-5.678,-0.923,2.767,-5.02,-1.82
2ed_6b_6ea,3.319,-6.34,-1.036,3.296,-5.963,-1.13,2.895,-5.354,-1.999
1ed_24b_7ea,3.32,-6.3,-0.915,3.277,-5.909,-1.012,2.927,-5.301,-1.864
TPA2_7b_2ea,3.32,-6.364,-1.21,3.313,-6.042,-1.303,2.748,-5.355,-2.174
2ed_23b_3ea,3.327,-6.401,-1.2,3.321,-6.038,-1.277,2.79,-5.417,-2.185
7ed_14b_3ea,3.328,-6.68,-1.26,3.38,-6.358,-1.349,3.0,-5.674,-2.226
1ed_6b_7ea,3.332,-6.095,-0.666,3.305,-5.694,-0.748,2.975,-5.121,-1.633
1ed_17b_11ea,3.332,-6.409,-1.182,3.306,-6.061,-1.285,2.836,-5.416,-2.145
1ed_17b_10ea,3.334,-6.364,-1.136,3.309,-6.01,-1.234,2.834,-5.371,-2.102
3ed_5b_3ea,3.336,-6.894,-1.431,3.388,-6.559,-1.516,3.024,-5.89,-2.401
7ed_7b_3ea,3.342,-6.733,-1.328,3.39,-6.416,-1.417,2.959,-5.706,-2.304
7ed_24b_6ea,3.348,-6.69,-1.29,3.301,-6.302,-1.4,2.949,-5.65,-2.247
2ed_24b_7ea,3.352,-6.362,-0.909,3.316,-5.972,-1.004,2.96,-5.354,-1.864
3ed_14b_3ea,3.353,-6.852,-1.368,3.403,-6.512,-1.451,3.057,-5.856,-2.341
3ed_11b_2ea,3.354,-6.373,-0.878,3.427,-6.06,-0.959,3.095,-5.364,-1.833
6ed_6b_7ea,3.355,-5.871,-0.442,3.354,-5.508,-0.525,2.94,-4.872,-1.413
2ed_11b_2ea,3.358,-6.527,-1.038,3.412,-6.209,-1.129,2.925,-5.492,-2.008
1ed_23b_2ea,3.359,-6.278,-1.0,3.338,-5.906,-1.079,2.883,-5.301,-1.974
6ed_17b_10ea,3.366,-6.145,-0.857,3.379,-5.831,-0.954,2.891,-5.126,-1.807
1ed_7b_2ea,3.372,-6.539,-1.279,3.362,-6.196,-1.368,2.833,-5.538,-2.255
2ed_7b_2ea,3.372,-6.674,-1.134,3.419,-6.34,-1.217,2.979,-5.654,-2.127
6ed_17b_11ea,3.375,-6.215,-0.885,3.391,-5.906,-0.989,2.928,-5.194,-1.832
1ed_17b_2ea,3.375,-6.323,-1.039,3.365,-5.969,-1.122,2.86,-5.332,-2.029
3ed_6b_2ea,3.375,-6.612,-1.19,3.365,-6.229,-1.278,3.042,-5.618,-2.148
3ed_23b_3ea,3.38,-6.427,-1.157,3.375,-6.06,-1.232,2.877,-5.442,-2.14
5ed_17b_6ea,3.381,-6.152,-0.882,3.368,-5.821,-0.984,2.842,-5.146,-1.862
7ed_14b_2ea,3.385,-6.507,-0.987,3.445,-6.189,-1.073,3.075,-5.499,-1.952
3ed_13b_2ea,3.389,-6.703,-1.264,3.406,-6.355,-1.349,3.026,-5.692,-2.229
2ed_23b_11ea,3.392,-6.408,-1.072,3.384,-6.048,-1.167,2.934,-5.42,-2.026
2ed_23b_10ea,3.395,-6.351,-1.026,3.385,-5.986,-1.115,2.928,-5.365,-1.983
7ed_23b_10ea,3.395,-6.172,-0.925,3.383,-5.821,-1.016,2.902,-5.181,-1.873
7ed_23b_11ea,3.396,-6.228,-0.961,3.386,-5.883,-1.057,2.922,-5.237,-1.905
3ed_5b_2ea,3.397,-6.738,-1.171,3.456,-6.407,-1.255,3.094,-5.729,-2.14
3ed_24b_6ea,3.398,-6.761,-1.291,3.353,-6.364,-1.398,2.993,-5.754,-2.256
6ed_12b_3ea,3.401,-6.424,-1.169,3.436,-6.115,-1.247,2.756,-5.382,-2.146
3ed_6b_6ea,3.401,-6.449,-1.025,3.379,-6.068,-1.121,3.007,-5.447,-1.991
6ed_17b_2ea,3.404,-6.117,-0.681,3.456,-5.8,-0.761,2.991,-5.095,-1.655
7ed_17b_8ea,3.409,-6.921,-1.393,3.493,-6.631,-1.497,3.217,-5.889,-2.348
3ed_14b_2ea,3.409,-6.676,-1.099,3.465,-6.34,-1.179,3.127,-5.678,-2.07
3ed_7b_3ea,3.413,-6.978,-1.432,3.456,-6.638,-1.518,3.063,-5.951,-2.421
7ed_24b_7ea,3.416,-6.528,-0.923,3.378,-6.121,-1.024,3.112,-5.52,-1.872
7ed_23b_2ea,3.419,-6.131,-0.817,3.426,-5.781,-0.887,2.925,-5.139,-1.791
2ed_23b_2ea,3.42,-6.315,-0.94,3.423,-5.95,-1.012,2.933,-5.329,-1.924
7ed_12b_3ea,3.422,-6.496,-1.099,3.474,-6.168,-1.176,3.001,-5.469,-2.066
2ed_17b_3ea,3.423,-6.579,-1.077,3.467,-6.235,-1.157,3.048,-5.564,-2.069
5ed_23b_6ea,3.429,-6.094,-0.741,3.418,-5.751,-0.833,2.923,-5.089,-1.719
7ed_6b_7ea,3.432,-6.011,-0.472,3.428,-5.635,-0.554,3.063,-5.004,-1.445
7ed_7b_2ea,3.441,-6.557,-1.001,3.496,-6.243,-1.084,3.091,-5.525,-1.978
3ed_17b_8ea,3.443,-7.11,-1.506,3.524,-6.801,-1.603,3.298,-6.084,-2.474
3ed_23b_11ea,3.444,-6.413,-1.029,3.433,-6.05,-1.123,3.012,-5.426,-1.98
3ed_23b_10ea,3.444,-6.356,-0.988,3.431,-5.989,-1.077,2.996,-5.37,-1.943
1ed_17b_6ea,3.447,-6.418,-0.97,3.434,-6.056,-1.066,2.977,-5.417,-1.965
7ed_17b_3ea,3.455,-6.529,-1.03,3.501,-6.201,-1.115,3.082,-5.498,-2.014
5ed_12b_3ea,3.463,-6.299,-1.161,3.459,-5.981,-1.243,2.749,-5.278,-2.134
2ed_17b_10ea,3.465,-6.443,-0.975,3.472,-6.103,-1.069,3.022,-5.424,-1.944
2ed_17b_11ea,3.469,-6.509,-1.006,3.479,-6.175,-1.106,3.053,-5.489,-1.974
3ed_23b_2ea,3.477,-6.328,-0.89,3.481,-5.96,-0.959,3.018,-5.339,-1.872
2ed_6b_7ea,3.478,-6.184,-0.549,3.47,-5.79,-0.628,3.12,-5.191,-1.531
3ed_24b_7ea,3.482,-6.599,-0.905,3.445,-6.19,-1.002,3.166,-5.587,-1.862
7ed_17b_10ea,3.485,-6.328,-0.902,3.497,-6.007,-0.997,3.049,-5.302,-1.857
6ed_23b_6ea,3.486,-6.076,-0.612,3.506,-5.736,-0.699,2.973,-5.065,-1.607
5ed_23b_7ea,3.49,-5.982,-0.378,3.49,-5.623,-0.458,3.083,-4.976,-1.347
3ed_12b_3ea,3.498,-6.72,-1.176,3.546,-6.368,-1.249,3.116,-5.695,-2.158
TPA2_12b_3ea,3.506,-6.418,-1.159,3.509,-6.092,-1.24,2.847,-5.392,-2.138
7ed_17b_11ea,3.508,-6.414,-0.928,3.524,-6.099,-1.03,3.104,-5.385,-1.883
2ed_12b_3ea,3.508,-6.742,-1.245,3.54,-6.394,-1.317,2.966,-5.708,-2.242
3ed_17b_3ea,3.514,-6.735,-1.121,3.555,-6.384,-1.203,3.17,-5.706,-2.118
1ed_23b_7ea,3.516,-6.183,-0.482,3.512,-5.791,-0.555,3.156,-5.194,-1.464
3ed_7b_2ea,3.518,-6.805,-1.1,3.567,-6.47,-1.181,3.197,-5.772,-2.091
5ed_17b_7ea,3.526,-5.957,-0.318,3.531,-5.604,-0.404,3.099,-4.948,-1.325
6ed_17b_6ea,3.528,-6.208,-0.607,3.56,-5.883,-0.703,3.083,-5.173,-1.596
1ed_12b_3ea,3.531,-6.586,-1.217,3.534,-6.236,-1.295,2.947,-5.573,-2.204
6ed_12b_2ea,3.539,-6.258,-0.873,3.568,-5.952,-0.946,2.817,-5.206,-1.87
3ed_17b_10ea,3.54,-6.512,-0.969,3.548,-6.172,-1.062,3.139,-5.487,-1.936
2ed_17b_2ea,3.544,-6.514,-0.845,3.585,-6.167,-0.918,3.14,-5.487,-1.848
7ed_12b_2ea,3.559,-6.321,-0.759,3.614,-5.995,-0.829,3.148,-5.288,-1.735
3ed_17b_11ea,3.56,-6.6,-1.004,3.573,-6.266,-1.103,3.19,-5.573,-1.97
6ed_23b_7ea,3.564,-5.97,-0.176,3.606,-5.619,-0.25,3.176,-4.953,-1.17
7ed_17b_2ea,3.571,-6.379,-0.737,3.625,-6.051,-0.812,3.209,-5.343,-1.723
5ed_12b_2ea,3.595,-6.187,-0.816,3.604,-5.866,-0.893,2.948,-5.163,-1.799
2ed_23b_6ea,3.604,-6.412,-0.715,3.62,-6.043,-0.798,3.15,-5.403,-1.721
7ed_23b_6ea,3.626,-6.226,-0.596,3.638,-5.872,-0.68,3.137,-5.209,-1.595
3ed_17b_2ea,3.633,-6.578,-0.818,3.682,-6.231,-0.89,3.299,-5.545,-1.818
1ed_12b_2ea,3.64,-6.459,-0.879,3.652,-6.106,-0.952,3.126,-5.446,-1.871
3ed_12b_2ea,3.65,-6.556,-0.83,3.7,-6.206,-0.897,3.277,-5.522,-1.82
2ed_17b_6ea,3.652,-6.549,-0.747,3.676,-6.195,-0.838,3.227,-5.512,-1.758
7ed_17b_6ea,3.666,-6.399,-0.647,3.698,-6.064,-0.739,3.279,-5.355,-1.639
2ed_23b_7ea,3.686,-6.259,-0.259,3.718,-5.874,-0.326,3.344,-5.249,-1.264
TPA2_12b_2ea,3.701,-6.346,-0.801,3.716,-6.02,-0.878,3.083,-5.307,-1.792
7ed_23b_7ea,3.721,-6.099,-0.121,3.754,-5.73,-0.19,3.379,-5.076,-1.118
3ed_6b_7ea,3.729,-6.581,-0.59,3.708,-6.158,-0.674,3.48,-5.571,-1.577
3ed_17b_6ea,3.73,-6.613,-0.734,3.757,-6.256,-0.823,3.376,-5.569,-1.739
3ed_23b_6ea,3.731,-6.518,-0.681,3.741,-6.144,-0.764,3.29,-5.495,-1.687
2ed_12b_2ea,3.741,-6.672,-0.9,3.772,-6.322,-0.967,3.195,-5.626,-1.906
6ed_17b_7ea,3.746,-6.034,-0.033,3.791,-5.691,-0.115,3.333,-4.989,-1.062
7ed_17b_7ea,3.879,-6.143,0.005,3.92,-5.785,-0.07,3.536,-5.091,-1.024
2ed_17b_7ea,3.898,-6.359,-0.129,3.931,-5.983,-0.203,3.511,-5.314,-1.178
3ed_17b_7ea,3.926,-6.349,-0.104,3.962,-5.971,-0.174,3.617,-5.3,-1.141
3ed_23b_7ea,4.034,-6.664,-0.273,4.047,-6.259,-0.346,3.713,-5.627,-1.281
