Name,"CAM-B3LYP/6-311G(d,p)","PBE1PBE/6-311G(d,p)"
7ed_16b_4ea,1.7890331319089727,1.5576674547866094
3ed_16b_4ea,1.8108222528110582,1.5919436579590052
6ed_16b_1ea,1.841479059146425,1.672484528206294
6ed_16b_7ea,1.8651055202115217,1.6723491901997765
6ed_16b_6ea,1.8744943448435067,1.696812657786787
1ed_16b_1ea,1.8759973888127148,1.675444877796822
6ed_16b_10ea,1.8787544947158803,1.6843662610467933
6ed_16b_9ea,1.8897204335051787,1.6902900137096892
7ed_16b_1ea,1.8963384576265554,1.7045097515497722
3ed_16b_7ea,1.899155722075336,1.734067172984041
7ed_16b_6ea,1.902156428319852,1.726005336791053
6ed_16b_11ea,1.9051666319291831,1.7120878607922958
6ed_16b_2ea,1.9146684898127453,1.7450487686923752
7ed_16b_9ea,1.9159702004935615,1.684434903290672
3ed_16b_1ea,1.9233105131800288,1.7396138524935862
7ed_16b_11ea,1.9426551058396182,1.7243971603796855
1ed_16b_6ea,1.9456423053684617,1.7276646567057643
3ed_16b_6ea,1.9467725159862284,1.7787421879409975
6ed_16b_3ea,1.9502630566638277,1.7829878843606077
1ed_16b_11ea,1.951152999209196,1.7270149777958612
TPA2_16b_3ea,1.952443322401871,1.7413239068353155
1ed_16b_10ea,1.9528738094642626,1.7293754066238434
7ed_16b_10ea,1.954813352761856,1.753984318854572
1ed_16b_7ea,1.9551523983119865,1.73263760400384
3ed_16b_10ea,1.9608101868426577,1.7522245595509605
7ed_16b_7ea,1.9642268276979333,1.7785380867146128
3ed_16b_9ea,1.9655033509659972,1.7421067662162864
3ed_16b_11ea,1.9735115133330596,1.7626108799679148
7ed_16b_2ea,1.9825673579941292,1.8121983983301837
1ed_16b_3ea,1.9867922099234574,1.7809136600132538
1ed_16b_2ea,1.9926028508073732,1.779533522850459
3ed_16b_2ea,2.016812377498541,1.8472399393052397
7ed_16b_3ea,2.0212834434567757,1.8410962777945807
TPA2_16b_2ea,2.029354948296202,1.8116688641353322
3ed_16b_3ea,2.0495136591475127,1.879637341302756
6ed_16b_8ea,2.0608907626270248,1.8458925122922296
6ed_1b_4ea,2.12462819604446,1.88983563577503
7ed_16b_8ea,2.130505401974895,1.8871320905482256
6ed_26b_8ea,2.1379622994490046,1.696812657786787
6ed_20b_4ea,2.1504947088281994,1.9281554253730806
1ed_1b_4ea,2.1521743162618514,1.8586476115677557
7ed_1b_4ea,2.1779164908359148,1.9246240051800898
7ed_26b_8ea,2.1785287058054923,1.8064957591780835
6ed_1b_5ea,2.178949803292029,1.8965704930445058
3ed_16b_8ea,2.181518189436196,1.9545360393074434
5ed_20b_4ea,2.183823381161706,1.8582298127640167
1ed_26b_8ea,2.1867117307823305,1.8828339063704151
1ed_26b_9ea,2.1879078148344564,1.8541453026562618
TPA2_16b_1ea,2.197679588213013,1.6222043120101366
6ed_26b_9ea,2.2011125482514036,1.7968102969924042
7ed_26b_9ea,2.202207104014471,1.8642082417124124
7ed_26b_11ea,2.208168024320948,1.8684780213028573
7ed_26b_10ea,2.210254097995487,1.8702252632762635
3ed_1b_4ea,2.210766378536662,1.9694680104468294
6ed_26b_10ea,2.2146358415770897,1.8101085397311518
7ed_1b_5ea,2.215427192755942,1.9369804177912557
3ed_26b_8ea,2.2199884597132415,1.8790676679154845
7ed_20b_4ea,2.2288870887017205,1.9988985944118196
3ed_26b_11ea,2.229528299004672,1.9131914184768923
6ed_1b_1ea,2.253392371260864,1.9878114043883108
1ed_26b_11ea,2.2566731347044993,1.9472005057355073
3ed_1b_5ea,2.256878499640406,1.984217038800231
3ed_20b_4ea,2.2569606560809383,2.0329148699216804
1ed_26b_10ea,2.258275973078053,1.948118260604591
TPA2_1b_1ea,2.2600870392006347,1.8676337531364704
5ed_1b_1ea,2.260622682960381,1.8702816803279458
6ed_20b_5ea,2.2612410490315447,1.9770671631521997
3ed_26b_10ea,2.2634699707161494,1.95438201027224
2ed_20b_4ea,2.2718052729057714,2.054505432950755
5ed_20b_1ea,2.284571280758753,1.906924544116858
1ed_20b_4ea,2.286045415097947,1.985360734677343
7ed_1b_1ea,2.294123612990376,2.0547437430526747
7ed_20b_5ea,2.301789003466481,2.028292719485447
6ed_20b_1ea,2.310753892992114,2.03785950903469
6ed_1b_6ea,2.314549509197424,2.0152063220071312
1ed_1b_5ea,2.3167116696387193,2.000252861752207
3ed_1b_9ea,2.3226567405125373,2.021777789828194
6ed_1b_9ea,2.3245290080560665,2.024517549768042
7ed_1b_7ea,2.3366626228304375,2.085044398206568
TPA2_1b_3ea,2.3370589808462965,1.9429899466576226
6ed_26b_3ea,2.33904278961279,1.89723791128466
3ed_20b_5ea,2.3407206305944843,2.0731571491630914
1ed_1b_1ea,2.3407648168109416,1.976751987210745
6ed_1b_10ea,2.3419584755650518,2.0443438365467452
7ed_26b_3ea,2.343507624087973,1.9590753678133
3ed_1b_1ea,2.3435519155892504,2.113186581327951
5ed_20b_8ea,2.344438097327387,2.02253625741315
6ed_26b_4ea,2.3460349144970736,1.8063641786228304
6ed_26b_1ea,2.3539176773177193,1.782500904272879
7ed_26b_4ea,2.356825792213765,1.84828623776987
7ed_1b_6ea,2.3577220429666084,2.1108483488652934
6ed_1b_7ea,2.3579462121727928,2.026668334952648
7ed_1b_9ea,2.358080734158844,2.0690406535139214
6ed_1b_11ea,2.3625736001856303,2.069420484074479
7ed_1b_10ea,2.3639248004145044,2.083958109067642
6ed_26b_2ea,2.364465713360083,1.9446963820043415
6ed_26b_5ea,2.364646072689083,1.9388581878780835
7ed_20b_1ea,2.366180238636444,2.1338417064883206
1ed_20b_5ea,2.369526196819148,2.0603086384604605
3ed_1b_7ea,2.3738355809354243,2.1302125993084147
TPA2_1b_2ea,2.376565382661431,1.9744542435868735
7ed_26b_1ea,2.382913607735704,1.7830904403920338
5ed_20b_5ea,2.384930190713035,2.04138214124661
7ed_1b_11ea,2.3868582973521746,2.1085152851730657
1ed_20b_9ea,2.388099441602011,2.0388647342191923
7ed_26b_2ea,2.392569035555653,2.052091407767233
7ed_1b_2ea,2.393030769935404,2.156328587179251
3ed_1b_6ea,2.3948794910045548,2.156741145262859
3ed_20b_1ea,2.400628722547438,2.1716610694713188
7ed_26b_6ea,2.405192035801432,2.068902567877581
7ed_26b_5ea,2.405378662019026,2.0684539168236276
1ed_1b_11ea,2.4061254565973185,2.0533147111399703
3ed_1b_10ea,2.4128675333374097,2.140176313117983
7ed_26b_7ea,2.413196236294232,2.0843084012260946
6ed_20b_3ea,2.4134310789572164,2.156141112949797
7ed_1b_3ea,2.415029222041928,2.1827085971790674
3ed_26b_2ea,2.4231938444020718,2.0973525152353236
1ed_20b_8ea,2.435090440393991,2.136083986317706
1ed_26b_3ea,2.4355208965439634,2.0883100711668097
3ed_1b_11ea,2.435951504906153,2.1655549319899197
3ed_26b_6ea,2.4360950748657753,2.1188919431613065
3ed_1b_2ea,2.436286527806016,2.20982081524322
1ed_20b_1ea,2.4379150935993317,2.0520234892060443
1ed_26b_4ea,2.4406982660317453,1.8899796583661206
1ed_1b_2ea,2.4416594546764365,2.0769073329382093
1ed_1b_9ea,2.4463802435682287,2.0917624056299395
2ed_20b_5ea,2.4474425225647454,2.1776869989241994
1ed_1b_10ea,2.4499570348673823,2.092715565553522
1ed_26b_1ea,2.4532530498712597,1.842984385210648
7ed_20b_10ea,2.4537870622896034,2.1744791829152623
1ed_1b_3ea,2.454467050786675,2.091021659090788
6ed_1b_8ea,2.4585061642394037,2.209387702333099
7ed_20b_7ea,2.4592375432498277,2.196861941140649
3ed_1b_3ea,2.459969357544445,2.239271790622895
2ed_20b_1ea,2.4619718739971965,2.1852473460761104
5ed_20b_9ea,2.4668206856534667,2.0824182213035773
1ed_1b_6ea,2.4710483132209964,2.10040780889191
5ed_20b_10ea,2.471590101768842,2.0825231413557064
1ed_26b_2ea,2.4725757807725386,2.1507558088899787
6ed_1b_3ea,2.474105137886686,2.1963949873484276
6ed_9b_1ea,2.4745494992165797,2.0788572191145187
1ed_26b_5ea,2.4751422293453396,2.1591070224398465
6ed_6b_4ea,2.4761801906213,2.0671091304073017
7ed_20b_6ea,2.4766252977099708,2.2218580409206905
6ed_20b_7ea,2.476872648577648,2.1375568937380245
1ed_26b_6ea,2.47880368234733,2.1627598877758887
6ed_20b_6ea,2.4805888494387216,2.1626844461724364
6ed_20b_10ea,2.4813830826411354,2.175738268629682
1ed_26b_7ea,2.4841669085211717,2.174364792834096
6ed_20b_11ea,2.484963434984826,2.179485981047963
6ed_1b_2ea,2.4928065336980643,2.184862307603743
5ed_20b_2ea,2.493057127462761,2.089858688201416
5ed_20b_6ea,2.4932075079067624,2.084343436918909
7ed_20b_9ea,2.4991872663201953,2.2086793382092345
6ed_8b_1ea,2.5012541685475105,2.0710449686126102
7ed_1b_8ea,2.5014560006000046,2.23801890419346
1ed_20b_3ea,2.5100132667856125,2.1448778005559888
3ed_20b_2ea,2.512047230779604,2.282174612687135
6ed_20b_8ea,2.5239609071168316,2.2955251102547822
5ed_20b_3ea,2.5240636596116763,2.117155413371285
7ed_6b_4ea,2.526583711759706,2.1857866279877105
7ed_20b_11ea,2.5284899452650396,2.253187640247539
5ed_20b_11ea,2.532311054500844,2.139806992454448
3ed_20b_3ea,2.534381331488602,2.3127795468757406
7ed_20b_2ea,2.5363512325010293,2.267443366901509
7ed_20b_3ea,2.5369739428717564,2.304612497086569
2ed_20b_6ea,2.541289408651531,2.2322173790412747
2ed_20b_11ea,2.5416540350040546,2.2506520629048516
1ed_1b_7ea,2.5422793522448552,2.1739454654840165
2ed_20b_3ea,2.5506464137764646,2.2957801119333263
6ed_20b_2ea,2.556272685036341,2.2372920649130847
3ed_20b_10ea,2.5572743386282006,2.28853469549015
3ed_20b_9ea,2.5599668732347087,2.2771453962196135
1ed_20b_6ea,2.5605483595048804,2.1940631928257988
6ed_9b_3ea,2.563194811702727,2.347945076985208
3ed_1b_8ea,2.5662715578911572,2.3182709281659966
5ed_20b_7ea,2.5692492262342337,2.178873228004618
7ed_8b_1ea,2.572607373563129,2.216021077377633
2ed_20b_10ea,2.575332310239939,2.2766436934186984
1ed_20b_10ea,2.576188382310324,2.220226954444813
1ed_6b_4ea,2.576402489263081,2.1532207301129196
2ed_20b_8ea,2.5820893198205614,2.371066703744819
2ed_6b_4ea,2.582519533598726,2.200097148839496
5ed_8b_1ea,2.5837033610264584,1.964009050395065
1ed_20b_11ea,2.5926709893102817,2.232699690405539
3ed_9b_1ea,2.596960614177407,2.291198732552528
7ed_20b_8ea,2.6003371095445793,2.3495911966981113
1ed_22b_4ea,2.6016464983790613,2.0105338533561867
3ed_6b_4ea,2.6033397452445426,2.274430481222011
6ed_6b_9ea,2.607993846080487,2.082033604878399
6ed_25b_4ea,2.608816885942707,1.88914463276978
6ed_9b_2ea,2.6161924890972594,2.382730451100917
6ed_4b_1ea,2.6164132974435637,2.1713568460213777
6ed_22b_5ea,2.621335942113623,2.1281287076002338
6ed_4b_3ea,2.628058313497294,2.243769459426441
2ed_9b_1ea,2.6293400213261835,2.2137660079935517
3ed_20b_11ea,2.629395776113633,2.3445267523633047
6ed_22b_4ea,2.63134868444408,2.135311522201147
1ed_20b_2ea,2.632801295293703,2.2596340003962174
7ed_22b_4ea,2.633304495864062,2.1771134806823307
6ed_4b_2ea,2.6381225752769573,2.2442973956261936
6ed_10b_1ea,2.644310993234445,2.094942987088069
2ed_8b_1ea,2.6463426042158655,2.202559156732794
5ed_15b_3ea,2.655182445895009,2.0575736398530293
6ed_8b_3ea,2.658085217700811,2.3419142442725467
1ed_8b_1ea,2.6632804700647097,2.095899048488799
5ed_3b_1ea,2.6634520879315837,1.9103912523224071
6ed_25b_8ea,2.669242824362131,1.973982765903224
1ed_20b_7ea,2.6694152115246452,2.309333744403442
TPA2_8b_1ea,2.6702199794509416,2.0603428719550516
1ed_25b_4ea,2.6729252528667806,2.0157960042550123
6ed_24b_4ea,2.672982871432266,1.918430524873798
5ed_4b_3ea,2.673847448102271,2.0056234497742507
2ed_9b_3ea,2.675924715806185,2.4589449394333074
6ed_6b_1ea,2.677137946494728,2.1014400902561188
5ed_9b_1ea,2.6773691627961917,2.083082893573384
TPA2_9b_1ea,2.679220332002567,2.1266322872632024
5ed_15b_1ea,2.680552441811168,1.9922506933651905
TPA2_4b_3ea,2.681016094911306,2.0064672395751266
7ed_9b_1ea,2.683046464552164,2.296673064135556
5ed_8b_3ea,2.6887478946559438,2.1615911340668146
2ed_20b_7ea,2.690031139485917,2.347633908361438
6ed_3b_1ea,2.6930106505753684,1.9265676771707787
7ed_9b_2ea,2.693537131934634,2.541289408651531
6ed_22b_10ea,2.6936541557488556,2.1850933144030242
6ed_17b_4ea,2.696114006908654,2.400628722547438
6ed_21b_4ea,2.7006354221004645,2.264131236068122
6ed_15b_1ea,2.7023422265122874,2.293232641769175
TPA2_15b_3ea,2.7061166122330502,2.092256528291817
7ed_10b_1ea,2.710316176821115,2.2394740004649236
1ed_25b_8ea,2.7108494470233664,2.080217339759815
6ed_8b_2ea,2.71167939568192,2.375245195014708
1ed_9b_1ea,2.7164912350371946,2.227085660507612
5ed_21b_4ea,2.7209021878248705,2.0433332026982423
7ed_9b_3ea,2.7217383043030536,2.541185248908575
6ed_2b_1ea,2.724010355786183,2.052363126977769
TPA2_10b_1ea,2.7261063933021767,2.1391056342420445
6ed_22b_8ea,2.7270056828691436,2.274972946203039
5ed_15b_2ea,2.7299475013372994,2.117046974761709
5ed_8b_2ea,2.730488525438593,2.1901491673126947
TPA2_4b_1ea,2.731992495940399,1.9522281500345233
7ed_25b_4ea,2.732594548145419,2.2341478758556956
6ed_24b_8ea,2.733317361145854,2.025741282848834
7ed_6b_1ea,2.7339199974808803,2.2300896607331047
6ed_22b_3ea,2.734221415310419,2.229207647743691
5ed_4b_1ea,2.734462597431866,1.9692177961495785
1ed_21b_8ea,2.7347038221057898,2.1572289174813037
TPA2_15b_1ea,2.7356691465515657,2.0663857386638917
3ed_25b_4ea,2.7360313189413916,2.2410524914739085
5ed_10b_1ea,2.7364539746158543,2.0807060224136724
TPA2_3b_1ea,2.7366955507778155,1.9474757413893518
TPA2_8b_3ea,2.7367559514829907,2.2310125117981796
1ed_22b_5ea,2.7377831715477967,2.106688335129847
2ed_4b_3ea,2.7406271500882493,2.3934464832794706
2ed_20b_2ea,2.7412936155489858,2.420733941233461
1ed_17b_4ea,2.74414489578292,2.265868897318279
3ed_20b_6ea,2.7454815765690874,2.447877357188543
1ed_24b_4ea,2.7489508602851562,2.0941646187553675
6ed_6b_8ea,2.749560410788568,2.4841171425715247
3ed_9b_2ea,2.750170231674566,2.609310959255562
2ed_4b_2ea,2.7503532306918665,2.388605463096774
7ed_8b_3ea,2.751940242920234,2.4890536634498135
7ed_3b_1ea,2.7524289229038827,2.068246912728806
2ed_4b_1ea,2.752612222645685,2.3392192911721184
7ed_6b_9ea,2.7529788953808185,2.2771872147676495
2ed_9b_2ea,2.7536513825085565,2.5219589042821107
TPA2_9b_3ea,2.7539571670977394,2.3912771267137756
TPA2_4b_2ea,2.7573252853114854,2.0555612261412177
7ed_22b_9ea,2.757877216443726,2.2481629452052876
2ed_8b_3ea,2.7585520990799495,2.460799273779377
5ed_21b_8ea,2.7592273120993065,2.156703633459306
6ed_22b_1ea,2.7602100304011845,2.221022307106266
TPA2_6b_1ea,2.7611319647674817,2.134355911763823
6ed_24b_9ea,2.761746929903624,2.1117470564168803
5ed_9b_3ea,2.7627314441045123,2.322221761629732
7ed_22b_10ea,2.7640246847163037,2.256467807139607
5ed_4b_2ea,2.764209532217455,2.0664890493416017
2ed_10b_1ea,2.765010823835856,2.255072569984593
6ed_22b_6ea,2.765134140704282,2.2289271535400994
1ed_21b_4ea,2.7658742729689245,2.124191441640134
6ed_15b_3ea,2.766429632236638,2.422909754303467
1ed_10b_1ea,2.7666148015560648,2.2092696100939446
6ed_3b_3ea,2.7679116811925,2.1661223758536607
1ed_8b_3ea,2.770075851258664,2.3103233605183857
1ed_6b_9ea,2.7734215031479046,2.311141509435499
3ed_22b_5ea,2.77366965073464,2.2870573500635
1ed_15b_3ea,2.7755321740026595,2.1810193725286315
7ed_2b_1ea,2.7769618033669143,2.209938966418514
6ed_15b_2ea,2.777583840820349,2.4270355915081483
6ed_22b_7ea,2.7788910269764426,2.23049080649979
1ed_22b_9ea,2.784132098561741,2.1458799931771706
3ed_24b_4ea,2.784507217410914,2.3193116004366083
3ed_8b_1ea,2.785758343946415,2.384471576750242
7ed_17b_4ea,2.7870105952922506,2.4981802604106456
3ed_25b_8ea,2.7871985301027857,2.3614487793895034
7ed_22b_11ea,2.7881385844705404,2.2847396570254603
3ed_9b_3ea,2.788514783793803,2.6068972670761217
1ed_6b_1ea,2.789455726401881,2.219948715572673
3ed_10b_1ea,2.7910253760183403,2.3213522924488985
TPA2_15b_2ea,2.7925339024804705,2.1999019871153327
5ed_9b_2ea,2.7927225829540507,2.4259909495772662
7ed_21b_4ea,2.7933517020509298,2.3776134720101014
7ed_8b_2ea,2.794799752203003,2.510928142834578
1ed_9b_3ea,2.7956819093146685,2.4330359149562018
7ed_4b_1ea,2.7963754235334286,2.4267980938966422
1ed_3b_1ea,2.7977003611241105,2.117770108719477
7ed_4b_2ea,2.798205429564987,2.45612002150582
7ed_22b_2ea,2.8004804960870597,2.3214392100672625
7ed_25b_8ea,2.8007335096386776,2.2558520485690368
1ed_22b_10ea,2.801682717769105,2.1673339172171153
1ed_22b_11ea,2.802949329906707,2.151128918981035
1ed_15b_1ea,2.8030126905769435,2.1445068556214384
3ed_8b_3ea,2.8064384258044277,2.563936798911209
3ed_6b_1ea,2.806756047120641,2.3320045023929965
TPA2_8b_2ea,2.810445715322473,2.328719865642706
1ed_8b_2ea,2.8111465746031015,2.338954548820953
7ed_4b_3ea,2.8125493423548997,2.47771401122453
1ed_4b_3ea,2.8131874269645363,2.1639676696405505
5ed_21b_5ea,2.8132512513497474,2.1395116276850565
6ed_17b_9ea,2.814528347498532,2.341781560418931
TPA2_9b_2ea,2.815614791229401,2.4711960501762293
2ed_15b_1ea,2.8180463480237905,2.4514100667367065
1ed_24b_8ea,2.818751003744921,2.203146161465146
5ed_11b_1ea,2.8197765868275795,2.1652902265832474
7ed_24b_4ea,2.819904837189703,2.325444468723493
3ed_3b_1ea,2.8200972346086606,2.197329093523937
3ed_22b_4ea,2.820289658283322,2.3754727089222762
6ed_23b_4ea,2.820802916484516,2.168698522233465
6ed_13b_1ea,2.8221511085106927,2.221778420127624
2ed_3b_1ea,2.825752595728153,2.158205124110048
5ed_21b_11ea,2.8271055244007846,2.1751657762334946
2ed_6b_8ea,2.828137197074759,2.5494926785316285
5ed_2b_1ea,2.828459749218587,2.0176984412546024
5ed_21b_1ea,2.8289759857123293,2.056618105016218
7ed_22b_7ea,2.8290405285241684,2.312822684480599
2ed_8b_2ea,2.829879853159497,2.505853920575192
7ed_22b_1ea,2.830784298368706,2.328719865642706
TPA2_2b_1ea,2.8327890573125627,2.0265358469919397
7ed_24b_8ea,2.833565855573292,2.382272682671665
3ed_20b_7ea,2.8338248830071264,2.497475838987771
5ed_21b_10ea,2.8347966578058346,2.1766930925929544
7ed_3b_3ea,2.83784587265689,2.3086887992132343
1ed_6b_8ea,2.839080396687948,2.4241886845954688
3ed_4b_1ea,2.8394054499723573,2.5001950843967826
3ed_17b_4ea,2.8398606496368366,2.5761348611323145
6ed_2b_3ea,2.8404461208508263,2.3548564370500182
7ed_25b_9ea,2.8452038778794644,2.404818870231422
3ed_22b_9ea,2.8463141376275183,2.355035333328449
6ed_6b_5ea,2.8478176336811085,2.4811348301367193
1ed_25b_1ea,2.8480138589711026,2.1056508924543262
3ed_4b_2ea,2.849257247374605,2.534174151473357
1ed_21b_5ea,2.8533221824691157,2.2498761731273875
5ed_3b_3ea,2.853978903649024,2.172536186939218
TPA2_3b_3ea,2.8540445923940156,2.183900304791258
3ed_22b_10ea,2.8545044982905807,2.3702508918234315
5ed_21b_2ea,2.8555562685552416,2.1763874577576625
6ed_24b_1ea,2.856674624040888,1.993467765312651
6ed_3b_2ea,2.8572670493051016,2.313297304362495
1ed_15b_2ea,2.8577279944168796,2.2657446902087197
7ed_22b_8ea,2.857859720337939,2.406825997782275
6ed_25b_1ea,2.8588480519606865,2.0253442343810075
7ed_22b_5ea,2.8596392095784977,2.3479895363795955
3ed_24b_8ea,2.8596392095784977,2.5262233962665337
2ed_15b_3ea,2.859771111756061,2.561659203523175
6ed_22b_2ea,2.8605627804222293,2.3233530457691036
3ed_4b_3ea,2.8633370758265095,2.559914023942336
1ed_24b_9ea,2.863535445713757,2.3546328549189703
TPA2_11b_1ea,2.865454439287859,2.2413765595817803
1ed_4b_1ea,2.868304582492721,2.1529216509087923
7ed_17b_9ea,2.871625840201543,2.4421403329540685
6ed_11b_1ea,2.8718253602701105,2.3067990364576185
6ed_7b_1ea,2.8719583890527796,2.364420627826688
2ed_2b_1ea,2.8734225194823844,2.259139983343223
7ed_25b_1ea,2.873888692278555,2.258317101437729
3ed_8b_2ea,2.8741551446525007,2.6045427420391696
2ed_15b_2ea,2.8746881976525516,2.5645200902908427
6ed_21b_5ea,2.8748214917984565,2.4049587937498607
7ed_23b_4ea,2.877690308789576,2.3059839585989774
1ed_9b_2ea,2.8793608592997293,2.5475546576353456
1ed_4b_2ea,2.8793608592997293,2.2332626504888484
7ed_24b_9ea,2.884182899675362,2.455730886951773
6ed_21b_1ea,2.884585465506847,2.2841925248819734
3ed_2b_1ea,2.8850552676999257,2.3299450470827288
1ed_25b_5ea,2.887204885110897,2.4347557463477156
3ed_22b_11ea,2.888079082467516,2.4114598200296142
1ed_17b_9ea,2.889290383897822,2.382043864410305
6ed_17b_1ea,2.8900311239859886,2.4210647910994947
3ed_6b_8ea,2.890704853733281,2.690031139485917
6ed_21b_3ea,2.895024173649207,2.394370808020059
TPA2_3b_2ea,2.895903113238114,2.319571914507516
1ed_3b_3ea,2.8988141809833277,2.338998668384631
6ed_10b_3ea,2.899288629749183,2.449618241915109
2ed_3b_3ea,2.902070665740096,2.3729724505931076
1ed_2b_1ea,2.905198336669857,2.207146106437102
7ed_15b_1ea,2.9058791574274183,2.5570106694795816
5ed_13b_1ea,2.906219687480789,2.110201752931194
3ed_22b_2ea,2.906628428910312,2.4735129043055757
3ed_25b_1ea,2.907514429885172,2.3028149275863616
3ed_3b_3ea,2.909151543865963,2.4277958963434716
6ed_25b_5ea,2.9092197969580464,2.3850678093045357
3ed_21b_4ea,2.9122261069011204,2.5373373318138497
7ed_6b_8ea,2.918600842765683,2.7043460570039
1ed_11b_1ea,2.923486394099795,2.3285886726210365
5ed_3b_2ea,2.9236242521336107,2.3320483601471227
7ed_6b_5ea,2.9237621231695274,2.6137660547994943
6ed_5b_1ea,2.9238310635638487,2.3471450956983313
3ed_22b_7ea,2.926246027274167,2.454952987640919
6ed_6b_3ea,2.9292184495356426,2.4707036623444414
1ed_21b_10ea,2.929841348811351,2.3099790500324673
7ed_3b_2ea,2.930049040778422,2.4519917621906395
3ed_22b_3ea,2.9311572287666134,2.5045885678511546
6ed_14b_1ea,2.9335149137862033,2.3637896108456826
7ed_25b_5ea,2.936849874609038,2.564679215821275
5ed_10b_3ea,2.9384505653153585,2.404305956601055
7ed_13b_1ea,2.938659479707622,2.395064520227586
TPA2_13b_1ea,2.942913857974198,2.1943738126591423
3ed_15b_1ea,2.94319326400377,2.6290055422495615
1ed_25b_9ea,2.9450106972032493,2.4653493330763823
1ed_17b_1ea,2.945570359069359,2.3193116004366083
1ed_22b_6ea,2.946480263419419,2.2273656913966486
5ed_7b_1ea,2.947881214476579,2.1638543827893346
3ed_22b_1ea,2.948091472046381,2.496922643638727
2ed_6b_5ea,2.9490029348778255,2.6265552934916925
3ed_3b_2ea,2.9501255092725263,2.5382202813694725
1ed_24b_1ea,2.951389427470434,2.1771134806823307
1ed_21b_11ea,2.952795051810802,2.3324431541813446
3ed_23b_4ea,2.9551876884114114,2.4117412312699176
3ed_22b_6ea,2.9556103209644564,2.493357906493663
7ed_21b_5ea,2.9558216825759294,2.4749446210878374
1ed_25b_3ea,2.9579369625186143,2.4079944733613514
5ed_21b_6ea,2.9586427287762835,2.2602930259887497
5ed_2b_3ea,2.959702009875473,2.2841083739637273
1ed_3b_2ea,2.9605499810367406,2.4781101444051084
TPA2_2b_3ea,2.9608327460779087,2.2919186626572063
1ed_24b_5ea,2.966073659420725,2.5202161579964804
TPA2_10b_3ea,2.966570382203948,2.4691293390231546
1ed_22b_7ea,2.9681325946272548,2.2698922787900493
1ed_22b_3ea,2.97012324620333,2.2486113955162357
6ed_24b_3ea,2.9701943902879853,2.2982054565052885
TPA2_6b_3ea,2.9702655377809855,2.4535443005548747
6ed_24b_5ea,2.9706924943279467,2.371338765863013
5ed_5b_1ea,2.9735420111206645,2.1207764012680705
6ed_25b_3ea,2.9737559452669866,2.332311541318565
7ed_15b_3ea,2.9739699101988926,2.666659686145007
7ed_2b_3ea,2.9743979324460366,2.5255545115023588
2ed_13b_1ea,2.9750401968748275,2.3902630338250637
6ed_21b_8ea,2.9763969997297908,2.5332940141730576
7ed_15b_2ea,2.9773260518090376,2.6643105091369503
TPA2_5b_1ea,2.9774690343788794,2.1196888050350062
6ed_25b_11ea,2.978828054045279,2.432701785406553
1ed_25b_2ea,2.9797586246393717,2.5011028158808912
5ed_6b_3ea,2.979973454272736,2.449618241915109
2ed_3b_2ea,2.9800450710344344,2.5123017080807752
5ed_14b_1ea,2.9806897768261056,2.1063662607780462
3ed_22b_8ea,2.981119735683203,2.579940399179053
TPA2_7b_1ea,2.9892405237390394,2.2477554182964656
6ed_25b_10ea,2.9893846529831922,2.4568986607042365
7ed_10b_3ea,2.9901776123307244,2.6058016098378265
1ed_10b_3ea,2.992270159404991,2.5405084186470286
6ed_12b_1ea,2.993281403122262,2.1760819087402
1ed_21b_1ea,2.9953782980830206,2.2027547902180173
6ed_2b_2ea,2.9955230198271003,2.5003967455586147
5ed_21b_3ea,2.9961020466751114,2.2847817549702025
1ed_13b_1ea,2.996971006785325,2.2970559706150717
1ed_25b_11ea,2.9992906998946087,2.5144413546738886
6ed_25b_9ea,2.999871184365376,2.41969471579719
3ed_25b_5ea,3.0007423324962565,2.628726874684506
6ed_21b_7ea,3.0012507359314267,2.4892535312511104
2ed_2b_3ea,3.0018319794166466,2.5212410110557277
1ed_21b_2ea,3.00241344808094,2.33582630836271
3ed_24b_1ea,3.0043775690098324,2.4023495700120665
7ed_7b_1ea,3.007729774316415,2.5356769744743124
6ed_21b_6ea,3.0080216239900737,2.4822275128764453
1ed_17b_8ea,3.0113819706569886,2.58861165307801
2ed_21b_1ea,3.0128453338616232,2.465251305309108
6ed_10b_2ea,3.013284620197391,2.5831651231327797
7ed_22b_6ea,3.0154829747754874,2.5376488909164787
7ed_17b_1ea,3.0167301334600722,2.5958189496481574
2ed_7b_1ea,3.017170553451331,2.492856648420707
7ed_21b_10ea,3.0179048726086157,2.532311054500844
6ed_25b_2ea,3.01893352012813,2.4653003182182753
7ed_21b_2ea,3.0192275482284594,2.550384109538108
3ed_15b_3ea,3.019521633607919,2.7515127902574625
1ed_7b_1ea,3.020109976271198,2.333847949516155
1ed_22b_2ea,3.0206249642089795,2.302943232407377
1ed_6b_3ea,3.0210665222497948,2.578116626936042
3ed_15b_2ea,3.0226866734695856,2.742930860392037
1ed_2b_3ea,3.0241610468927353,2.4551960282297363
3ed_13b_1ea,3.0241610468927353,2.5213948109099986
2ed_10b_3ea,3.024234803320395,2.6064041073198703
2ed_5b_1ea,3.0257106877590854,2.4897033511844757
5ed_2b_2ea,3.026006037526059,2.4323200354206125
2ed_11b_1ea,3.026449170305155,2.494762502127451
2ed_14b_1ea,3.02696632261059,2.48865402411879
6ed_23b_1ea,3.027114112876079,2.1428391899656596
1ed_25b_6ea,3.0271880134208007,2.5801551302720163
7ed_21b_11ea,3.0283709130499394,2.5435830852460066
1ed_23b_8ea,3.0301469968658132,2.534070574167593
5ed_10b_2ea,3.0319251651851635,2.5559565363759496
TPA2_14b_1ea,3.0346706004684862,2.2079321131344316
6ed_23b_8ea,3.034819144025621,2.6190105902450647
5ed_11b_3ea,3.0393567186073533,2.4661338359567795
7ed_21b_3ea,3.042414196475276,2.5778486425874774
7ed_25b_3ea,3.042712816375306,2.5829498907605726
7ed_24b_1ea,3.0436837360270697,2.3661350876949747
6ed_24b_11ea,3.0439078824101635,2.4518947937781586
6ed_25b_6ea,3.0456274354213,2.5380124732534295
7ed_11b_1ea,3.0473489323374405,2.4884043146985375
TPA2_2b_2ea,3.048397753171149,2.4504896131722624
6ed_6b_11ea,3.048997403568881,2.601373600305092
6ed_24b_10ea,3.0494472962089074,2.4691293390231546
6ed_6b_2ea,3.0519991977588132,2.6170207126280616
TPA2_10b_2ea,3.0529008889317972,2.6136007799878347
6ed_6b_10ea,3.0535023124367213,2.5784918986430196
6ed_13b_3ea,3.054254425127289,2.5890440432150754
7ed_24b_5ea,3.054931643403371,2.69102357702517
TPA2_5b_3ea,3.0572665846234575,2.3604148897977044
3ed_10b_3ea,3.0576435223589,2.6952349730637253
7ed_23b_8ea,3.0576435223589,2.709605476165086
3ed_25b_3ea,3.0578697296180817,2.6175731530385633
TPA2_6b_2ea,3.0583222445614213,2.5991924750192386
5ed_14b_3ea,3.0600581265915503,2.347367258035832
3ed_25b_9ea,3.0602091659857558,2.6270561091024094
7ed_6b_3ea,3.062174035801423,2.669817534842132
1ed_24b_3ea,3.062476547437462,2.503071830391062
7ed_21b_1ea,3.0638385897841176,2.5139825522208827
3ed_17b_1ea,3.0661113546744176,2.664654032572103
3ed_6b_5ea,3.066187171576934,2.808472445319415
3ed_2b_3ea,3.0685393567370163,2.644085451217409
7ed_2b_2ea,3.0720363543192653,2.6560355439691303
1ed_10b_2ea,3.077755104513461,2.676444537141006
3ed_25b_10ea,3.078672080982765,2.694005288210281
7ed_14b_1ea,3.0789014104817705,2.6018648580667008
7ed_21b_8ea,3.0801250783879683,2.6447057843651156
2ed_6b_3ea,3.0811965859691584,2.6583701448331616
7ed_5b_1ea,3.0821156145790125,2.56356575161759
6ed_24b_2ea,3.0831118477769914,2.477318004669813
3ed_25b_2ea,3.083648547840018,2.6883981312493024
1ed_6b_10ea,3.086488497964974,2.668783234094717
TPA2_11b_3ea,3.087026374371211,2.5470836925773437
1ed_6b_2ea,3.087256950223897,2.6749433817789026
1ed_6b_11ea,3.087641319864114,2.6747702798969524
7ed_25b_10ea,3.0881795981805302,2.6770223533191455
3ed_24b_5ea,3.089333683933998,2.71792024649284
1ed_24b_11ea,3.0907967647683843,2.613931350515258
1ed_5b_1ea,3.0911049583882044,2.311356908099888
1ed_25b_7ea,3.0914132134761743,2.692484374988987
1ed_2b_2ea,3.0917986188037405,2.597994414417709
2ed_12b_1ea,3.0929554115822206,2.4165352913636466
6ed_14b_3ea,3.0958898311173404,2.6925428398962676
3ed_21b_10ea,3.097436500031045,2.6417195808547866
3ed_25b_11ea,3.098133005340366,2.7070618566507187
5ed_13b_3ea,3.098674948290547,2.4233359144353575
7ed_23b_1ea,3.0988298239595857,2.285244934773462
3ed_7b_1ea,3.09913962174759,2.6504718580228888
5ed_21b_7ea,3.0996819169518752,2.399467382749774
6ed_5b_3ea,3.100301915335104,2.7023422265122874
7ed_10b_2ea,3.1006895402901353,2.7362728204811178
6ed_11b_3ea,3.1007670769127986,2.6566045806355048
1ed_14b_1ea,3.1026291198954814,2.316928107882113
7ed_21b_7ea,3.102939677837516,2.5946239962700677
6ed_21b_2ea,3.105659714121843,2.5996284074245333
3ed_6b_3ea,3.106982595984536,2.742324245432975
3ed_6b_9ea,3.109163918703747,2.546037726746665
2ed_2b_2ea,3.1107238825383274,2.6619654674711866
6ed_17b_5ea,3.110958012136351,2.791779435467913
TPA2_14b_3ea,3.111738698731281,2.44300639134982
3ed_24b_9ea,3.115256642692765,2.667921928777977
7ed_22b_3ea,3.1228668850767582,2.652683183351007
7ed_25b_2ea,3.1242044697843996,2.7200665848979493
3ed_21b_11ea,3.126015968077818,2.677773887441268
6ed_25b_7ea,3.1264100500666334,2.685428812252146
3ed_17b_9ea,3.1268042314280664,2.541966655167849
7ed_6b_2ea,3.130830566220846,2.7492556017502787
1ed_24b_2ea,3.1320167564785635,2.6336960070885436
1ed_11b_3ea,3.1336789336806374,2.623776458014025
TPA2_13b_3ea,3.134946539054023,2.5001950843967826
7ed_6b_11ea,3.136929226789011,2.7442663584318425
2ed_10b_2ea,3.1370085864638444,2.7496823533294044
3ed_21b_2ea,3.1370879501541435,2.7175032962029984
7ed_6b_10ea,3.1377230042699162,2.7265859405810025
3ed_5b_1ea,3.1414591458690415,2.6555804901217037
1ed_21b_6ea,3.1419367406309937,2.45286482317059
1ed_17b_5ea,3.143609466491135,2.745177671147727
5ed_11b_2ea,3.146720687350729,2.6073906134899767
2ed_6b_11ea,3.1469602671304937,2.748463414437069
3ed_21b_3ea,3.1479189511752126,2.735367409462252
6ed_14b_2ea,3.1517595355143944,2.7595343363912943
5ed_5b_2ea,3.152640989671078,2.5031728890676224
1ed_21b_3ea,3.1545658747772163,2.4655944366050826
7ed_24b_3ea,3.154806650699474,2.7006354221004645
6ed_23b_5ea,3.155047463379544,2.6883981312493024
2ed_6b_10ea,3.157859663476782,2.7493775172555557
2ed_6b_2ea,3.1579400857164672,2.756467164738086
TPA2_5b_2ea,3.158020512052536,2.4894534311532386
6ed_13b_2ea,3.1583422583668987,2.7086584548754407
6ed_7b_3ea,3.1584227051895777,2.7504142357763914
5ed_14b_2ea,3.1592273988724284,2.478853235626468
3ed_21b_1ea,3.159710411929029,2.6815958868913476
1ed_23b_1ea,3.159871449104093,2.330733344719049
3ed_24b_3ea,3.164144923466861,2.725447291156402
6ed_5b_2ea,3.1654373013489603,2.7808852972806197
3ed_21b_5ea,3.1678633575797157,2.7336186461000156
5ed_7b_3ea,3.1680252268910554,2.5004975883392384
3ed_11b_1ea,3.1681061677502,2.670737586545969
6ed_24b_6ea,3.1681871127454158,2.587207382026014
3ed_23b_9ea,3.1686728695919766,2.609365867842487
1ed_21b_7ea,3.1689967902512923,2.4736609361183937
1ed_23b_9ea,3.1689967902512923,2.6317954708749216
7ed_17b_5ea,3.171833923511097,2.899220841845752
3ed_2b_2ea,3.1732137934268967,2.7809476643509123
5ed_5b_3ea,3.174351058693465,2.436047216332223
2ed_5b_3ea,3.1747574224420814,2.813506577853625
2ed_14b_3ea,3.1751638902451242,2.810445715322473
3ed_6b_11ea,3.1754891394336044,2.816382197822813
1ed_5b_3ea,3.175814455262974,2.5239609071168316
TPA2_12b_1ea,3.1811918059915034,2.3227872659550206
1ed_23b_5ea,3.18176319936731,2.758736215309754
1ed_14b_3ea,3.1823347980429313,2.5318457082191856
3ed_10b_2ea,3.1833151594419644,2.843442303325984
3ed_23b_1ea,3.18356034417825,2.4091172778019234
2ed_13b_3ea,3.1852776954389483,2.7335583837957502
5ed_6b_6ea,3.1865055097328163,2.6876406226183502
1ed_13b_3ea,3.1871607311402568,2.5929420644419476
3ed_12b_1ea,3.1914262471236636,2.567121615753531
6ed_6b_6ea,3.1916726829616437,2.7132814469211355
7ed_11b_3ea,3.1918369946650573,2.8847867905672535
TPA2_11b_2ea,3.1955384858711167,2.691549281652764
5ed_13b_2ea,3.1994136647765,2.589584734060288
7ed_13b_3ea,3.2028845513558784,2.7882639729659746
7ed_25b_7ea,3.20462282022388,2.845595635343832
7ed_23b_5ea,3.2047056419957825,2.7871985301027857
3ed_23b_8ea,3.2066946496093207,2.8610247895928294
3ed_25b_6ea,3.207690079564964,2.831366032783259
TPA2_14b_2ea,3.2086861277200884,2.57501142987733
TPA2_7b_3ea,3.209599715425346,2.5805846997095343
6ed_11b_2ea,3.2120939645047875,2.7664913525889703
1ed_6b_6ea,3.21442543046824,2.784757352805938
5ed_12b_1ea,3.2189314003879033,2.335606325097339
7ed_24b_10ea,3.228065379057684,2.822665044519527
7ed_12b_1ea,3.228990037126786,2.4631945214783735
3ed_25b_7ea,3.23067259146847,2.907514429885172
7ed_25b_6ea,3.231009312776665,2.825495041829805
2ed_5b_2ea,3.2328625353463036,2.8792940000404688
2ed_14b_2ea,3.233115412242663,2.874021912289786
2ed_11b_3ea,3.234042966087914,2.7992793057259595
1ed_11b_2ea,3.235815229397532,2.7634087048881892
7ed_24b_11ea,3.2369133185168324,2.8278792083227167
TPA2_13b_2ea,3.23826583635597,2.669760052657771
6ed_17b_8ea,3.2405507750096127,3.0075838707158264
6ed_23b_3ea,3.2449604952697464,2.6458908653737936
7ed_5b_2ea,3.2471698590028755,3.030072951781219
6ed_7b_2ea,3.2474249791992147,2.8490608507166972
3ed_24b_11ea,3.2531331271018917,2.849257247374605
1ed_24b_6ea,3.2531331271018917,2.7611934489565964
3ed_23b_5ea,3.254926380873132,2.870828037083389
3ed_11b_3ea,3.2592896676499628,2.983127851558756
2ed_7b_3ea,3.2615185934859627,2.8591117225211624
3ed_24b_10ea,3.261690175598885,2.851550543997765
1ed_5b_2ea,3.265985603438323,2.6553530216656562
3ed_17b_5ea,3.266329726463736,3.017611102057403
1ed_7b_3ea,3.267965301648293,2.668783234094717
1ed_14b_2ea,3.2735730987022578,2.6640243072604055
3ed_21b_6ea,3.2766872448205167,2.8371316388080086
3ed_13b_3ea,3.277466707346377,2.8904353241431893
7ed_24b_2ea,3.2788533345428847,2.852928294812784
5ed_7b_2ea,3.279113457774503,2.6686683612556297
3ed_21b_8ea,3.2801543635622257,2.8821717547763477
1ed_13b_2ea,3.280761863841222,2.753467944347445
6ed_23b_10ea,3.2808486679651496,2.746819560191897
7ed_11b_2ea,3.2851077042797336,2.9960296560776754
1ed_12b_1ea,3.2854558689455464,2.609365867842487
1ed_17b_3ea,3.2855429216433802,2.7535902337391813
6ed_23b_11ea,3.286500805877096,2.7691479355444026
7ed_21b_6ea,3.287110659431721,2.8307196759671913
6ed_24b_7ea,3.2873720945318885,2.8039634444913912
3ed_24b_2ea,3.2950594017257337,2.869632163239518
2ed_13b_2ea,3.2965485951280824,2.8684372852886444
7ed_5b_3ea,3.3002335561638096,2.955117261403275
3ed_6b_10ea,3.302870719061951,2.9517407080802407
7ed_6b_6ea,3.3036626899808925,2.879561455709043
1ed_23b_3ea,3.3044550407926137,2.7629161186662836
7ed_13b_2ea,3.304543103233739,2.912020933862731
1ed_23b_10ea,3.307451799251629,2.849388193523205
6ed_17b_3ea,3.3075400214922066,2.9105855316701366
1ed_23b_11ea,3.313638743105284,2.8558193322372825
7ed_23b_3ea,3.3157653128791833,2.7824453137157596
6ed_23b_2ea,3.316386076644633,2.766738261540962
2ed_6b_6ea,3.318693807026625,2.8946862620104774
TPA2_7b_2ea,3.320293348839041,2.7481588485570536
1ed_24b_7ea,3.320293348839041,2.92659134778718
7ed_14b_3ea,3.3278676204541693,2.9995809140458842
1ed_17b_11ea,3.331533460659399,2.8357690993149043
1ed_6b_7ea,3.33242879348946,2.974897447477156
1ed_17b_10ea,3.3344002206556635,2.8340839578027297
3ed_5b_3ea,3.336463753686071,3.024234803320395
7ed_7b_3ea,3.34221922335632,2.959419460757585
7ed_24b_6ea,3.347542665237914,2.9487925472817014
3ed_14b_3ea,3.352973754954919,3.056814381997851
3ed_11b_2ea,3.3541528146756154,3.0948080816068786
6ed_6b_7ea,3.3547880365170393,2.940331864880556
2ed_11b_2ea,3.358422496228341,2.9247965705666292
1ed_23b_2ea,3.35942335362745,2.8826407710094575
6ed_17b_10ea,3.3663547008481824,2.8911766514897255
1ed_7b_2ea,3.3716636866993723,2.832594924290543
2ed_7b_2ea,3.3716636866993723,2.9791858970194323
3ed_6b_2ea,3.3745999566129496,3.041966376511611
1ed_17b_2ea,3.375151076669012,2.860166891307441
6ed_17b_11ea,3.375151076669012,2.9275586789532255
3ed_23b_3ea,3.3802114111259085,2.876688908612523
7ed_14b_2ea,3.3850097020567484,3.074702457431199
3ed_13b_2ea,3.388524769244762,3.0263753058292733
7ed_23b_10ea,3.394740203294626,2.9023423697627284
7ed_23b_11ea,3.395948825265455,2.922039669284165
3ed_5b_2ea,3.3967860678192796,3.09426749028654
3ed_24b_6ea,3.3983686528651287,2.993425922309357
3ed_6b_6ea,3.400978480684114,3.0067087462899256
6ed_12b_3ea,3.4014449432380416,2.755609578118243
6ed_17b_2ea,3.4039660537428027,2.991403922747825
3ed_14b_2ea,3.408644659017616,3.1271985121997083
7ed_17b_8ea,3.409394429632742,3.2174280074141883
3ed_7b_3ea,3.412960349161698,3.0631574172017197
7ed_24b_7ea,3.416439603409363,3.1120510830905466
7ed_23b_2ea,3.419077271506957,2.924520646361859
7ed_12b_3ea,3.421907867807567,3.0013233790570695
7ed_6b_7ea,3.4324219511084206,3.063233088086532
7ed_7b_2ea,3.4414719382127283,3.0906426910032856
3ed_17b_8ea,3.4430964459860838,3.2983900464367406
3ed_23b_11ea,3.4440527554089213,3.0118939860515623
3ed_23b_10ea,3.4441484155693365,2.995957268978299
1ed_17b_6ea,3.4474998722682058,2.9770401278628356
7ed_17b_3ea,3.4553774565497077,3.0815028679359546
5ed_12b_3ea,3.4629042506072056,2.748524335714127
3ed_23b_2ea,3.4772763714453956,3.017611102057403
2ed_6b_7ea,3.4784469088235754,3.119959626754801
3ed_24b_7ea,3.482158815100893,3.1658413859717833
7ed_17b_10ea,3.4848010399837794,3.0494472962089074
6ed_23b_6ea,3.485976649679313,2.9729003933287657
3ed_12b_3ea,3.4981712248072565,3.116352737012888
TPA2_12b_3ea,3.5063815011238217,2.84657550115339
7ed_17b_11ea,3.5078693995797003,3.104415677483985
2ed_12b_3ea,3.507968637709144,2.966286520243591
3ed_17b_3ea,3.5139332182538774,3.170131034276948
1ed_23b_7ea,3.5160256161778096,3.15609140995553
3ed_7b_2ea,3.517721288106179,3.196939062204935
6ed_17b_6ea,3.527829395025259,3.083341839211826
1ed_12b_3ea,3.5307424659949556,2.9473206742190245
6ed_12b_2ea,3.539005519885348,2.817278034392303
3ed_17b_10ea,3.53961165236763,3.1385171835719157
7ed_12b_2ea,3.558505292020399,3.147519428514134
3ed_17b_11ea,3.5604466478807484,3.189538169245128
6ed_23b_7ea,3.564028380252438,3.175814455262974
7ed_17b_2ea,3.5713163620213364,3.2086031000813238
1ed_17b_7ea,3.5745077949190787,3.1952914527209733
5ed_12b_2ea,3.5952355872932102,2.9475308518325325
7ed_23b_6ea,3.6263577061982457,3.136929226789011
3ed_17b_2ea,3.6334771707370357,3.2993554374515823
1ed_12b_2ea,3.6395560729598717,3.1264100500666334
3ed_12b_2ea,3.6495180682739154,3.276514081272105
7ed_17b_6ea,3.665917972084045,3.278506567757993
TPA2_12b_2ea,3.701372359205481,3.083418510648833
7ed_23b_7ea,3.7209204922953587,3.3793823183098364
3ed_6b_7ea,3.729313546037378,3.4799111892274808
3ed_17b_6ea,3.7300988300015887,3.3757942776255803
3ed_23b_6ea,3.731108966893628,3.289901446120899
2ed_12b_2ea,3.740901903814608,3.195209116824954
6ed_17b_7ea,3.746326940564453,3.3325183532409586
7ed_17b_7ea,3.8787473929663996,3.535574686523233
3ed_17b_7ea,3.9261525316069665,3.617365600097518
3ed_23b_7ea,4.033952809321801,3.7130098037412513
