Name,"CAM-B3LYP/6-311G(d,p)","bhandhlyp/6-311G(d,p)","PBE1PBE/6-311G(d,p)",LSF
5ed_16b_4ea,1.707467095449627,1.667357035938937,1.5182642203661332,1.527276134213159
6ed_16b_4ea,1.7302199813825445,1.706480174580849,1.548002888852388,1.544215341918735
6ed_16b_5ea,1.7337519806174804,1.7050253747730224,1.5486022005912532,1.548286808173692
7ed_16b_5ea,1.7249248877508148,1.6784157257913999,1.484705996380934,1.56050939795332
1ed_16b_4ea,1.7522493203762093,1.7081021476099294,1.5747790275173394,1.5613398211440295
5ed_16b_5ea,1.7640150710692637,1.7135784227539324,1.5528687497588392,1.583483944342777
3ed_16b_5ea,1.7573899205734607,1.7083845446694517,1.525849376193523,1.5851419728977476
2ed_16b_4ea,1.7879496980050296,1.762160007471334,1.6265665635509459,1.58607823349754
2ed_16b_5ea,1.7972530278827552,1.7613840453094902,1.6168949720399377,1.6008407794905963
7ed_16b_4ea,1.7890331319089727,1.754505488584971,1.5576674547866094,1.612124465281981
3ed_16b_4ea,1.8108222528110582,1.7735014646549219,1.5919436579590052,1.6262652578178303
1ed_16b_5ea,1.8226669127137642,1.7673086299865002,1.6285318931173707,1.6275071127469372
5ed_16b_1ea,1.8172178235204703,1.7754059162083933,1.6035961436740918,1.629844544177842
6ed_16b_1ea,1.841479059146425,1.821515613745763,1.672484528206294,1.6345615641608031
5ed_16b_9ea,1.830496677134126,1.7826034042889378,1.5960006616436637,1.6486867407923338
6ed_16b_7ea,1.8651055202115217,1.8352106117741327,1.6723491901997765,1.6632842528949814
6ed_16b_6ea,1.8744943448435067,1.8528985297173248,1.696812657786787,1.6658977826796733
1ed_16b_1ea,1.8759973888127148,1.8277715192026005,1.675444877796822,1.6753919054534798
6ed_16b_10ea,1.8787544947158803,1.8595674305771093,1.6843662610467933,1.675535720362003
3ed_16b_7ea,1.899155722075336,1.856894117909234,1.734067172984041,1.6824554066124646
2ed_16b_1ea,1.9042888906834392,1.8821765821062648,1.7498507741098008,1.683019722921135
1ed_16b_9ea,1.8768492372365266,1.824544236569595,1.653395141215553,1.6843404970155413
6ed_16b_9ea,1.8897204335051787,1.86918216140947,1.6902900137096892,1.6867181340479023
7ed_16b_6ea,1.902156428319852,1.8737861974997403,1.726005336791053,1.6889909906676859
7ed_16b_1ea,1.8963384576265554,1.8709871807731846,1.7045097515497722,1.6896458847040416
6ed_16b_2ea,1.9146684898127453,1.904610635216079,1.7450487686923752,1.6973405389822869
6ed_16b_11ea,1.9051666319291831,1.88865547796425,1.7120878607922958,1.6976399825225796
5ed_16b_6ea,1.9024482640995233,1.851487545813131,1.6705692803834615,1.7092439428251538
3ed_16b_1ea,1.9233105131800288,1.893876583158854,1.7396138524935862,1.7097797401739596
5ed_16b_10ea,1.9022147883127436,1.855976941008858,1.665789107937275,1.7106764288417478
5ed_16b_11ea,1.9030906181337817,1.8599021359793433,1.667805557650309,1.7110155698746845
5ed_16b_7ea,1.9037626340427858,1.8421903612447121,1.666035301307879,1.7124665912045414
7ed_16b_9ea,1.9159702004935615,1.8886267120406792,1.684434903290672,1.7206776936752326
3ed_16b_6ea,1.9467725159862284,1.9154670570585581,1.7787421879409975,1.7242091431010884
6ed_16b_3ea,1.9502630566638277,1.9386156904107503,1.7829878843606077,1.7269214239799253
5ed_16b_3ea,1.9343516068535946,1.897470166882063,1.7138626336297054,1.7324230933017373
7ed_16b_11ea,1.9426551058396182,1.9220583967161053,1.7243971603796855,1.738719216350808
2ed_16b_6ea,1.963884627902167,1.9381308774088815,1.795327436812168,1.7390238788987449
1ed_16b_6ea,1.9456423053684617,1.889230980509527,1.7276646567057643,1.7411717451755404
7ed_16b_10ea,1.954813352761856,1.931669736665101,1.753984318854572,1.7428546900830473
TPA2_16b_3ea,1.952443322401871,1.9178370979606352,1.7413239068353155,1.7445227710672129
7ed_16b_7ea,1.9642268276979333,1.9304968770354778,1.7785380867146128,1.7454657232828237
2ed_16b_10ea,1.967592951646956,1.9449709101506232,1.7864042096688346,1.7467274547854261
1ed_16b_11ea,1.951152999209196,1.902419076491912,1.7270149777958612,1.7480929670508194
2ed_16b_9ea,1.9685300345405348,1.945245515816814,1.783372530320905,1.7489529607052465
1ed_16b_10ea,1.9528738094642626,1.901543864526036,1.7293754066238434,1.7493341421185322
3ed_16b_10ea,1.9608101868426577,1.932813894563835,1.7522245595509605,1.7507643763283358
1ed_16b_7ea,1.9551523983119865,1.889259764843569,1.73263760400384,1.7509285720042989
1ed_16b_8ea,1.9790550849997262,1.970720036327185,1.8074963982004113,1.753067363261783
2ed_16b_2ea,1.988289511837454,1.9755867094564385,1.8349661922242042,1.7544143885091072
2ed_16b_11ea,1.978360435970242,1.958332813306319,1.7996527735877452,1.7550397750880316
7ed_16b_2ea,1.9825673579941292,1.9684987840637354,1.8121983983301837,1.75564222925756
3ed_16b_9ea,1.9655033509659972,1.9349552993842896,1.7421067662162864,1.760091987110547
2ed_16b_3ea,1.9991564086954312,1.9845981243216793,1.8505204662986927,1.7620197257702226
3ed_16b_11ea,1.9735115133330596,1.9493739255736962,1.7626108799679148,1.762451094331357
5ed_16b_8ea,1.982123681736326,1.975901513890988,1.773247846438377,1.7690850613919
1ed_16b_3ea,1.9867922099234574,1.9433858164709092,1.7809136600132538,1.7719993488219847
2ed_16b_7ea,1.9967741611230727,1.9628587435414309,1.8065483967677678,1.7749122960554917
1ed_16b_2ea,1.9926028508073732,1.9472005057355073,1.779533522850459,1.7795467975056807
3ed_16b_2ea,2.016812377498541,1.999027493241058,1.8472399393052397,1.7846253285929619
7ed_16b_3ea,2.0212834434567757,2.0048451965358582,1.8410962777945807,1.7922568770424387
5ed_16b_2ea,2.006110164950297,1.9663448947169062,1.7831673651582973,1.7946354988759055
TPA2_16b_2ea,2.029354948296202,1.990683503062174,1.8116688641353322,1.8126157767355737
3ed_16b_3ea,2.0495136591475127,2.0290892868017676,1.879637341302756,1.8126839934221115
6ed_16b_8ea,2.0608907626270248,2.072568075778349,1.8458925122922296,1.838604448427129
2ed_16b_8ea,2.1240458967392866,2.134208970684546,1.9430508392080923,1.880377315836201
6ed_1b_4ea,2.12462819604446,2.1604989268171377,1.88983563577503,1.9001856122897136
7ed_16b_8ea,2.130505401974895,2.142765131689554,1.8871320905482256,1.9082888844382118
5ed_1b_4ea,2.1021169628694447,2.09554484994411,1.7757364371436752,1.913820889670737
6ed_20b_4ea,2.1504947088281994,2.1882166941207903,1.9281554253730806,1.9178234614232057
2ed_1b_4ea,2.1786818133311576,2.212186241695232,1.9549366284466543,1.9424194570195772
1ed_1b_4ea,2.1521743162618514,2.14409896435846,1.8586476115677557,1.94481173016519
3ed_16b_8ea,2.181518189436196,2.187985026480737,1.9545360393074434,1.9460055988712113
7ed_1b_4ea,2.1779164908359148,2.21380553106018,1.9246240051800898,1.9523713414733566
6ed_1b_5ea,2.178949803292029,2.216536034995314,1.8965704930445058,1.9636952204370999
3ed_1b_4ea,2.210766378536662,2.241538628784736,1.9694680104468294,1.9761426540000233
1ed_26b_8ea,2.1867117307823305,2.1623827323825124,1.8828339063704151,1.9780461825502222
2ed_26b_9ea,2.1726884532825697,2.1375568937380245,1.8277445780072052,1.9808012275137288
5ed_20b_4ea,2.183823381161706,2.1750131624729057,1.8582298127640167,1.9833723919821495
6ed_26b_8ea,2.1379622994490046,2.113510744941926,1.696812657786787,1.9856540454587148
7ed_20b_4ea,2.2288870887017205,2.264089895664308,1.9988985944118196,1.9875706369839983
1ed_26b_9ea,2.1879078148344564,2.1522116706715755,1.8541453026562618,1.9897955743253886
7ed_1b_5ea,2.215427192755942,2.247836911858147,1.9369804177912557,1.9934606409730795
7ed_26b_8ea,2.1785287058054923,2.1534076968157754,1.8064957591780835,1.9955164756769403
7ed_26b_9ea,2.202207104014471,2.173450105267875,1.8642082417124124,2.0035377276295443
7ed_26b_11ea,2.208168024320948,2.1766930925929544,1.8684780213028573,2.0092395249001305
3ed_20b_4ea,2.2569606560809383,2.288027962095079,2.0329148699216804,2.009431810348547
7ed_26b_10ea,2.210254097995487,2.1796775370588835,1.8702252632762635,2.011144103036779
3ed_26b_11ea,2.229528299004672,2.196823020741302,1.9131914184768923,2.0191134210129285
2ed_20b_4ea,2.2718052729057714,2.3039701859112376,2.054505432950755,2.0196979576074767
3ed_26b_8ea,2.2199884597132415,2.1943738126591423,1.8790676679154845,2.0197841709197752
6ed_1b_1ea,2.253392371260864,2.2958651250831847,1.9878114043883108,2.0212910683155063
3ed_26b_9ea,2.233343096533677,2.203067876090305,1.9168291143259055,2.0224374759753903
6ed_26b_9ea,2.2011125482514036,2.1734120099862024,1.7968102969924042,2.026401812950647
3ed_1b_5ea,2.256878499640406,2.287099533462619,1.984217038800231,2.0268121837879964
2ed_26b_11ea,2.233182210239218,2.199394728635535,1.9038210926386845,2.026911445527476
6ed_26b_11ea,2.2031853062389892,2.1728788162290438,1.7906866060008781,2.0311155012650954
2ed_26b_10ea,2.240485597718725,2.2071853934806485,1.9137524370426708,2.032210301646157
5ed_26b_9ea,2.247470237357817,2.2153480321894987,1.9320008009370666,2.0341369180110664
6ed_20b_5ea,2.2612410490315447,2.2980350897114996,1.9770671631521997,2.0346732122472453
6ed_26b_10ea,2.2146358415770897,2.1894144255551735,1.8101085397311518,2.038040871692881
1ed_26b_11ea,2.2566731347044993,2.221778420127624,1.9472005057355073,2.0398500251086222
5ed_26b_10ea,2.256467807139607,2.2218580409206905,1.9426551058396182,2.0412324014557988
1ed_26b_10ea,2.258275973078053,2.2234915257090595,1.948118260604591,2.04146587201557
3ed_26b_10ea,2.2634699707161494,2.234832394444315,1.95438201027224,2.045521162926495
7ed_1b_1ea,2.294123612990376,2.334726806231154,2.0547437430526747,2.0466989324037295
2ed_1b_5ea,2.2829309118076226,2.3172311893732775,2.0108925046338677,2.0488553775322123
2ed_26b_8ea,2.243120032665391,2.2134498742568467,1.8737578827348296,2.0497636090866935
5ed_1b_5ea,2.257166073353408,2.2530238822200124,1.916592095671316,2.051435163106082
1ed_20b_4ea,2.286045415097947,2.2730129489806763,1.985360734677343,2.0617999018243545
7ed_20b_5ea,2.301789003466481,2.334946623841804,2.028292719485447,2.065496578941767
5ed_1b_1ea,2.2510197764539597,2.2424709817300132,1.8520682788526528,2.0671365659137084
TPA2_1b_1ea,2.2600870392006347,2.251755564134213,1.8676337531364704,2.0725537679892607
6ed_20b_1ea,2.310753892992114,2.3510167302910876,2.03785950903469,2.072942763732791
5ed_1b_8ea,2.293020607758249,2.320136128837923,1.973919919224165,2.0743719811763395
5ed_26b_8ea,2.282090610382487,2.2499578205425825,1.9118934795896019,2.0833712420051773
TPA2_16b_1ea,2.197679588213013,2.167182400435934,1.6222043120101366,2.0849102247076052
6ed_1b_6ea,2.314549509197424,2.3654129069044068,2.0152063220071312,2.0856806494420814
3ed_1b_1ea,2.3435519155892504,2.3819065945512365,2.113186581327951,2.085709236329737
7ed_1b_7ea,2.3366626228304375,2.377066527475181,2.085044398206568,2.087449722640778
5ed_20b_1ea,2.284571280758753,2.2753486504898035,1.906924544116858,2.0881654912919467
2ed_1b_1ea,2.335518343392591,2.3742446513439948,2.0738506055282118,2.0900789858128093
3ed_1b_9ea,2.3226567405125373,2.3561540511845944,2.021777789828194,2.0931611130852574
1ed_1b_5ea,2.3167116696387193,2.3088177594306662,2.000252861752207,2.0936722853770666
6ed_1b_9ea,2.3245290080560665,2.37360838050081,2.024517549768042,2.0944499424911864
3ed_20b_5ea,2.3407206305944843,2.370930696094509,2.0731571491630914,2.096641625781169
7ed_1b_6ea,2.3577220429666084,2.40290821265295,2.1108483488652934,2.1037460326070145
7ed_20b_1ea,2.366180238636444,2.40715305662149,2.1338417064883206,2.1057578061144233
6ed_1b_10ea,2.3419584755650518,2.391138790654148,2.0443438365467452,2.1084864646873918
2ed_1b_9ea,2.3507938766539547,2.3851136856977977,2.0572322754996737,2.114583190879028
3ed_1b_7ea,2.3738355809354243,2.4108971945199156,2.1302125993084147,2.1163513329108334
7ed_1b_9ea,2.358080734158844,2.402209949935931,2.0690406535139214,2.1191882244502027
5ed_20b_8ea,2.344438097327387,2.3706134055813335,2.02253625741315,2.119323670956897
7ed_1b_10ea,2.3639248004145044,2.409960068523562,2.083958109067642,2.1209262201919405
6ed_1b_11ea,2.3625736001856303,2.413055352632822,2.069420484074479,2.124504623526958
7ed_1b_2ea,2.393030769935404,2.446428508971764,2.156328587179251,2.1302731244944484
1ed_1b_1ea,2.3407648168109416,2.328064048321402,1.976751987210745,2.1312998763173576
3ed_1b_6ea,2.3948794910045548,2.437867163529074,2.156741145262859,2.132368725763408
3ed_20b_1ea,2.400628722547438,2.436047216332223,2.1716610694713188,2.133990739815821
6ed_1b_7ea,2.3579462121727928,2.4080412359836645,2.026668334952648,2.134234502603202
1ed_20b_5ea,2.369526196819148,2.359920740821841,2.0603086384604605,2.1362132958358435
TPA2_1b_3ea,2.3370589808462965,2.340455548323792,1.9429899466576226,2.138921192707717
7ed_1b_11ea,2.3868582973521746,2.4353295639126973,2.1085152851730657,2.1399445215564414
7ed_26b_3ea,2.343507624087973,2.3159328266733183,1.9590753678133,2.1409736884426795
7ed_1b_3ea,2.415029222041928,2.464516345465334,2.1827085971790674,2.1475023083878177
5ed_1b_11ea,2.3532922532024374,2.3527117997484646,1.96709353880646,2.1499706216356205
6ed_20b_3ea,2.4134310789572164,2.4684412032834895,2.156141112949797,2.155099127934661
6ed_26b_3ea,2.33904278961279,2.317404414400516,1.89723791128466,2.1577515189961893
2ed_1b_3ea,2.4237148493137903,2.4773674985663763,2.1781460311219734,2.1596812991852685
3ed_1b_10ea,2.4128675333374097,2.4568013038069187,2.140176313117983,2.1601457477217854
5ed_1b_9ea,2.3637445510921444,2.3635192780905543,1.972036377896322,2.1608817570413814
5ed_20b_5ea,2.384930190713035,2.3798494435310693,2.04138214124661,2.1617019227621235
3ed_1b_2ea,2.436286527806016,2.4880048838408237,2.20982081524322,2.163569178561945
5ed_1b_3ea,2.3673999657440685,2.3692092820845816,1.9724127985388649,2.165183012397126
1ed_20b_9ea,2.388099441602011,2.3776134720101014,2.0388647342191923,2.1664518876385617
7ed_26b_2ea,2.392569035555653,2.368711444454389,2.052091407767233,2.167128669572728
2ed_1b_2ea,2.429746353523981,2.4863087322948854,2.165971028415218,2.171371613302055
6ed_26b_2ea,2.364465713360083,2.3468341390643457,1.9446963820043415,2.1715706802575436
6ed_26b_5ea,2.364646072689083,2.3508384440014183,1.9388581878780835,2.1738851915041573
TPA2_1b_2ea,2.376565382661431,2.379712426463677,1.9744542435868735,2.1755737877553156
7ed_26b_6ea,2.405192035801432,2.3847008616820418,2.068902567877581,2.176414131780961
7ed_26b_5ea,2.405378662019026,2.384334026953483,2.0684539168236276,2.1768016727976307
5ed_1b_10ea,2.38690424265145,2.3857561405626324,2.0006724117159496,2.178710472507917
3ed_1b_11ea,2.435951504906153,2.482277203141747,2.1655549319899197,2.1790518148897595
7ed_26b_7ea,2.413196236294232,2.392522871917551,2.0843084012260946,2.1805984579892908
3ed_1b_3ea,2.459969357544445,2.507678276285043,2.239271790622895,2.1817402742626393
2ed_26b_3ea,2.403746663934843,2.376064449110752,2.0480918902904137,2.1821299559510656
1ed_1b_11ea,2.4061254565973185,2.401977285869805,2.0533147111399703,2.183142231962409
2ed_26b_2ea,2.4131023120255093,2.384976061812256,2.074891660348429,2.183864605668721
2ed_1b_10ea,2.4350426213251932,2.4805888494387216,2.144469768184681,2.1855172715715874
2ed_1b_8ea,2.469768665838286,2.540300235710627,2.254867533563843,2.1880350539826776
3ed_26b_2ea,2.4231938444020718,2.395295846966134,2.0973525152353236,2.188049810034438
1ed_20b_8ea,2.435090440393991,2.457336862244958,2.136083986317706,2.1885853825367767
2ed_20b_5ea,2.4474425225647454,2.481283775678209,2.1776869989241994,2.188643013467178
2ed_26b_5ea,2.4211120627488056,2.3960826922328615,2.083292878240332,2.190569973967894
6ed_1b_8ea,2.4585061642394037,2.531018848092399,2.209387702333099,2.1906913695086696
2ed_1b_6ea,2.4410345959632824,2.488953741584561,2.144358513570761,2.1928293295741144
2ed_1b_11ea,2.4458976942569146,2.493107252261753,2.1605365707619892,2.19292428673736
2ed_26b_6ea,2.425563855204077,2.399467382749774,2.089119289120425,2.1938814748416777
3ed_26b_6ea,2.4360950748657753,2.4100069075204624,2.1188919431613065,2.1959757333286616
7ed_20b_7ea,2.4592375432498277,2.5010019242787984,2.196861941140649,2.196075123999401
7ed_26b_4ea,2.356825792213765,2.334507030004948,1.84828623776987,2.1969049495398805
5ed_26b_3ea,2.421253888773218,2.3852972089207043,2.06593817839994,2.1969715681959774
7ed_20b_10ea,2.4537870622896034,2.498834721918119,2.1744791829152623,2.1974944703530372
6ed_26b_4ea,2.3460349144970736,2.328544944898648,1.8063641786228304,2.1988565865207605
5ed_1b_6ea,2.403094484607419,2.399420952528935,1.9929231019887947,2.2011412741169147
3ed_26b_7ea,2.4444511878436104,2.4186563822607248,2.1278365577991045,2.202906409834894
5ed_1b_2ea,2.4131023120255093,2.4167236821170324,2.0202625599684385,2.2034737163335
2ed_20b_1ea,2.4619718739971965,2.4963696933029236,2.1852473460761104,2.2035626855479133
1ed_26b_3ea,2.4355208965439634,2.3998853356121237,2.0883100711668097,2.2062562455396475
7ed_20b_6ea,2.4766252977099708,2.5239609071168316,2.2218580409206905,2.2082053174988667
2ed_26b_4ea,2.3957586345249586,2.368801944824781,1.9407092278733968,2.210980330194288
5ed_26b_2ea,2.4508286472130214,2.4162998442211863,2.1216109811748076,2.2128810443461946
6ed_1b_3ea,2.474105137886686,2.530244157074353,2.1963949873484276,2.214286701816409
6ed_26b_1ea,2.3539176773177193,2.336970889667222,1.782500904272879,2.216989173319266
1ed_1b_2ea,2.4416594546764365,2.440506119107694,2.0769073329382093,2.2177992807259006
1ed_1b_9ea,2.4463802435682287,2.4429101323064444,2.0917624056299395,2.2181964101258322
5ed_26b_5ea,2.4646633023740896,2.4311278385598043,2.1428391899656596,2.2220515248643578
1ed_20b_1ea,2.4379150935993317,2.4215848807901974,2.0520234892060443,2.2221870134006076
1ed_1b_10ea,2.4499570348673823,2.445463562610792,2.092715565553522,2.2221952242199983
1ed_1b_3ea,2.454467050786675,2.4521372291912438,2.091021659090788,2.228276804876197
1ed_26b_2ea,2.4725757807725386,2.439018005620433,2.1507558088899787,2.2288127859605047
1ed_26b_5ea,2.4751422293453396,2.4420922366027815,2.1591070224398465,2.22892987313511
3ed_20b_2ea,2.512047230779604,2.563512753628059,2.282174612687135,2.229544300716865
6ed_20b_10ea,2.4813830826411354,2.53029578838801,2.175738268629682,2.2305342620332755
5ed_26b_7ea,2.4795471896207246,2.4470078423993136,2.166614401134729,2.2315811531759615
5ed_26b_6ea,2.4727237004355755,2.439449851581571,2.142913253361148,2.2318073923510875
1ed_26b_6ea,2.47880368234733,2.4459459406214066,2.1627598877758887,2.232062377369425
7ed_1b_8ea,2.5014560006000046,2.5712204081977115,2.23801890419346,2.232540006935251
6ed_20b_11ea,2.484963434984826,2.5355732742872323,2.179485981047963,2.2335342936007807
6ed_20b_6ea,2.4805888494387216,2.5332422604290756,2.1626844461724364,2.2342560141878844
1ed_26b_7ea,2.4841669085211717,2.4518947937781586,2.174364792834096,2.2344058442052654
6ed_20b_7ea,2.476872648577648,2.5250916448926386,2.1375568937380245,2.2387654025523305
6ed_20b_8ea,2.5239609071168316,2.5997919197782378,2.2955251102547822,2.2392111008340696
7ed_20b_9ea,2.4991872663201953,2.544470387740193,2.2086793382092345,2.240318006098753
6ed_1b_2ea,2.4928065336980643,2.5528519013802486,2.184862307603743,2.241123190185718
1ed_1b_6ea,2.4710483132209964,2.464614314790563,2.10040780889191,2.2450313944284876
3ed_20b_3ea,2.534381331488602,2.5823044087911624,2.3127795468757406,2.2456643063150654
5ed_20b_9ea,2.4668206856534667,2.4650062699932973,2.0824182213035773,2.2463579210768336
5ed_1b_7ea,2.4643204301789186,2.4601157726716694,2.06935141360006,2.2480138308458844
2ed_26b_1ea,2.4096322465165723,2.3798037694221827,1.8811771862027857,2.2491869750649784
7ed_20b_3ea,2.5369739428717564,2.5895306548134656,2.304612497086569,2.2517423749624594
7ed_26b_1ea,2.382913607735704,2.3579910511294204,1.7830904403920338,2.2519682920091686
5ed_20b_10ea,2.471590101768842,2.4691293390231546,2.0825231413557064,2.2521086325700814
6ed_9b_1ea,2.4745494992165797,2.484764255485388,2.0788572191145187,2.257016169540775
7ed_20b_11ea,2.5284899452650396,2.5783310545348144,2.253187640247539,2.2599047711777853
6ed_6b_4ea,2.4761801906213,2.447056132570458,2.0671091304073017,2.263212223519489
2ed_1b_7ea,2.5093529374834125,2.5550085594194103,2.1763874577576625,2.264246677968936
7ed_20b_2ea,2.5363512325010293,2.595547272695249,2.267443366901509,2.264328482285401
3ed_26b_1ea,2.4140418838481255,2.380809004967894,1.845782605027431,2.2672435860205296
6ed_9b_3ea,2.563194811702727,2.6136558692692877,2.347945076985208,2.268010945506139
2ed_20b_3ea,2.5506464137764646,2.605254126517834,2.2957801119333263,2.271506269046104
5ed_20b_2ea,2.493057127462761,2.4945115654256336,2.089858688201416,2.27552886240123
1ed_20b_3ea,2.5100132667856125,2.505955204028593,2.1448778005559888,2.276358471182198
2ed_20b_11ea,2.5416540350040546,2.5859124834364122,2.2506520629048516,2.2767914329893446
5ed_20b_6ea,2.4932075079067624,2.48790504616165,2.084343436918909,2.277691069653735
7ed_6b_4ea,2.526583711759706,2.5048415361534992,2.1857866279877105,2.281784869891948
3ed_20b_10ea,2.5572743386282006,2.6019194537159875,2.28853469549015,2.282150950860866
3ed_1b_8ea,2.5662715578911572,2.637729746984531,2.3182709281659966,2.2823965526437213
2ed_20b_8ea,2.5820893198205614,2.652683183351007,2.371066703744819,2.2826426432377076
2ed_20b_6ea,2.541289408651531,2.585481138568449,2.2322173790412747,2.282966034572766
1ed_26b_4ea,2.4406982660317453,2.40598539729409,1.8899796583661206,2.2837304120027415
3ed_20b_9ea,2.5599668732347087,2.6021378592269704,2.2771453962196135,2.289506916875089
6ed_8b_1ea,2.5012541685475105,2.5124035134382092,2.0710449686126102,2.2922303338551004
6ed_20b_2ea,2.556272685036341,2.615640631251562,2.2372920649130847,2.2993288377730763
5ed_20b_3ea,2.5240636596116763,2.5269956267728313,2.117155413371285,2.303361592410569
1ed_1b_7ea,2.5422793522448552,2.534847610403999,2.1739454654840165,2.3050841716535566
5ed_20b_11ea,2.532311054500844,2.532052507672605,2.139806992454448,2.305240210223069
2ed_20b_10ea,2.575332310239939,2.6186787338600865,2.2766436934186984,2.3083351711742846
5ed_26b_1ea,2.4437767368743777,2.403187631414838,1.831632304845608,2.3084103565032335
7ed_20b_8ea,2.6003371095445793,2.674539512234817,2.3495911966981113,2.3124975923339757
1ed_26b_1ea,2.4532530498712597,2.411975790813904,1.842984385210648,2.3158363972672302
6ed_9b_2ea,2.6161924890972594,2.669242824362131,2.382730451100917,2.319845043832147
1ed_20b_6ea,2.5605483595048804,2.5520637895312177,2.1940631928257988,2.320034983541554
7ed_8b_1ea,2.572607373563129,2.590829180454709,2.216021077377633,2.3267885511067394
3ed_9b_1ea,2.596960614177407,2.6032304370025576,2.291198732552528,2.3293596992467887
1ed_20b_10ea,2.576188382310324,2.570154528991892,2.220226954444813,2.3296249211548337
5ed_20b_7ea,2.5692492262342337,2.563194811702727,2.178873228004618,2.3360471734427692
3ed_6b_4ea,2.6033397452445426,2.575974310940499,2.274430481222011,2.3431206547407086
2ed_6b_4ea,2.582519533598726,2.547397649932059,2.200097148839496,2.3445342758897687
1ed_20b_11ea,2.5926709893102817,2.586883535814721,2.232699690405539,2.345151848321743
3ed_20b_11ea,2.629395776113633,2.673386270955799,2.3445267523633047,2.349582346142887
1ed_6b_4ea,2.576402489263081,2.5270471255934055,2.1532207301129196,2.3539366489346625
7ed_9b_2ea,2.693537131934634,2.7433556505695313,2.541289408651531,2.3567991703996864
2ed_9b_3ea,2.675924715806185,2.71577729266394,2.4589449394333074,2.3649815096966336
6ed_4b_3ea,2.628058313497294,2.662079763970434,2.243769459426441,2.3841259640954933
1ed_20b_2ea,2.632801295293703,2.6317954708749216,2.2596340003962174,2.3841876792300742
6ed_8b_3ea,2.658085217700811,2.6984021806137317,2.3419142442725467,2.385338870029152
5ed_6b_4ea,2.566059131381388,2.509505290329127,2.0285249870066555,2.3861430220185733
7ed_9b_3ea,2.7217383043030536,2.76933346895084,2.541185248908575,2.391062737937769
6ed_4b_1ea,2.6164132974435637,2.63902090803292,2.1713568460213777,2.395985563043344
6ed_4b_2ea,2.6381225752769573,2.6762134805055213,2.2442973956261936,2.396150890857785
2ed_9b_1ea,2.6293400213261835,2.6244428421466055,2.2137660079935517,2.3964512371110467
5ed_22b_8ea,2.5575908133932064,2.5728742692342115,1.966656760491393,2.3980730943118855
3ed_9b_2ea,2.750170231674566,2.7890165408399192,2.609310959255562,2.401115254138115
6ed_17b_4ea,2.696114006908654,2.7227542796922144,2.400628722547438,2.410416719481728
1ed_20b_7ea,2.6694152115246452,2.662022614493953,2.309333744403442,2.4107842148497562
7ed_22b_4ea,2.633304495864062,2.6676923412448437,2.1771134806823307,2.4144191186320603
6ed_22b_5ea,2.621335942113623,2.671658272590499,2.1281287076002338,2.417476636868634
6ed_6b_9ea,2.607993846080487,2.596145037073526,2.082033604878399,2.4178299170453528
2ed_8b_1ea,2.6463426042158655,2.648207658588391,2.202559156732794,2.421109015520657
2ed_20b_7ea,2.690031139485917,2.733739178679927,2.347633908361438,2.4220567686262884
6ed_22b_4ea,2.63134868444408,2.6744818265409114,2.135311522201147,2.427050269365084
5ed_8b_1ea,2.5837033610264584,2.542435729634684,1.964009050395065,2.430714822455597
7ed_9b_1ea,2.683046464552164,2.691841428541036,2.296673064135556,2.4318722512970945
1ed_22b_4ea,2.6016464983790613,2.588395512164297,2.0105338533561867,2.4357913269176263
2ed_9b_2ea,2.7536513825085565,2.793414629550413,2.5219589042821107,2.436695143709745
6ed_8b_2ea,2.71167939568192,2.75328453062466,2.375245195014708,2.4384189727626167
5ed_22b_4ea,2.5769914669301057,2.562823979120015,1.9059279957845499,2.443417162788857
6ed_6b_8ea,2.749560410788568,2.781883506208615,2.4841171425715247,2.445313458001513
7ed_8b_3ea,2.751940242920234,2.7956819093146685,2.4890536634498135,2.446429762907167
3ed_9b_3ea,2.788514783793803,2.8285242684765355,2.6068972670761217,2.4485182785892086
3ed_20b_6ea,2.7454815765690874,2.795303773799432,2.447877357188543,2.4533714736375116
6ed_15b_1ea,2.7023422265122874,2.7136971025898986,2.293232641769175,2.456525373429837
6ed_10b_1ea,2.644310993234445,2.5991924750192386,2.094942987088069,2.457272177755982
2ed_20b_2ea,2.7412936155489858,2.798900196504589,2.420733941233461,2.4580319072155947
2ed_8b_3ea,2.7585520990799495,2.795303773799432,2.460799273779377,2.4645961121017987
6ed_21b_4ea,2.7006354221004645,2.746393696694193,2.264131236068122,2.464899867709542
2ed_22b_5ea,2.6904980777153016,2.735367409462252,2.2261260889329435,2.4662386861848655
2ed_4b_3ea,2.7406271500882493,2.777086188567844,2.3934464832794706,2.4670178860846486
5ed_22b_9ea,2.6338638332535274,2.633584134859885,1.997964574798879,2.479403438658323
1ed_8b_1ea,2.6632804700647097,2.6233878901927943,2.095899048488799,2.479951188495004
2ed_4b_2ea,2.7503532306918665,2.7900833743388795,2.388605463096774,2.48055956775272
5ed_22b_5ea,2.6336400697861824,2.628058313497294,1.9891506850675804,2.4822956144281245
2ed_17b_4ea,2.781571488946428,2.7963754235334286,2.4862090306915854,2.483412623087243
5ed_15b_3ea,2.655182445895009,2.6189552750067127,2.0575736398530293,2.483879973244818
TPA2_9b_3ea,2.7539571670977394,2.750658283179743,2.3912771267137756,2.483974469592625
6ed_22b_10ea,2.6936541557488556,2.7535902337391813,2.1850933144030242,2.4847977516049733
7ed_10b_1ea,2.710316176821115,2.674020430556,2.2394740004649236,2.485499568640234
3ed_8b_3ea,2.8064384258044277,2.847098372230221,2.563936798911209,2.4856918526663585
7ed_17b_4ea,2.7870105952922506,2.807455067146867,2.4981802604106456,2.485716689223101
5ed_8b_3ea,2.6887478946559438,2.674712584248119,2.1615911340668146,2.487279403519553
5ed_17b_4ea,2.679278222288689,2.640931897977612,2.1290421930178023,2.4874700333496573
6ed_15b_3ea,2.766429632236638,2.7922823681711137,2.422909754303467,2.4877570713764063
6ed_25b_4ea,2.608816885942707,2.5251944894764855,1.88914463276978,2.4880662734908228
TPA2_9b_1ea,2.679220332002567,2.6401446846880323,2.1266322872632024,2.488264810613653
7ed_8b_2ea,2.794799752203003,2.8400557798892105,2.510928142834578,2.490594100355759
6ed_22b_8ea,2.7270056828691436,2.79398110465611,2.274972946203039,2.493012341637171
6ed_6b_1ea,2.677137946494728,2.630399766779296,2.1014400902561188,2.49478027309713
2ed_22b_4ea,2.735548443727918,2.780573503884804,2.2980350897114996,2.495102056478674
1ed_9b_1ea,2.7164912350371946,2.678005213609114,2.227085660507612,2.4974406835802982
6ed_15b_2ea,2.777583840820349,2.8070101959421123,2.4270355915081483,2.4998133391323485
2ed_4b_1ea,2.752612222645685,2.7767752464560824,2.3392192911721184,2.5010283414122707
TPA2_8b_1ea,2.6702199794509416,2.632689499060357,2.0603428719550516,2.501136167750354
5ed_9b_1ea,2.6773691627961917,2.6363277432920764,2.083082893573384,2.5016502014365414
7ed_4b_2ea,2.798205429564987,2.832918494111234,2.45612002150582,2.5144007499594423
7ed_25b_4ea,2.732594548145419,2.667462793222536,2.2341478758556956,2.5144493889351236
3ed_25b_4ea,2.7360313189413916,2.6669464545809833,2.2410524914739085,2.5161419935207734
1ed_17b_4ea,2.74414489578292,2.708066902656595,2.265868897318279,2.5170811395116366
2ed_6b_8ea,2.828137197074759,2.84814469085474,2.5494926785316285,2.517211148681432
7ed_6b_1ea,2.7339199974808803,2.6936541557488556,2.2300896607331047,2.5175147083226075
6ed_22b_3ea,2.734221415310419,2.798710680398655,2.229207647743691,2.5181971207008766
5ed_9b_2ea,2.7927225829540507,2.789142008316677,2.4259909495772662,2.5185613545467245
5ed_9b_3ea,2.7627314441045123,2.757877216443726,2.322221761629732,2.5194107340020264
1ed_9b_3ea,2.7956819093146685,2.7888283607885844,2.4330359149562018,2.519624133095709
1ed_25b_4ea,2.6729252528667806,2.589801073637068,2.0157960042550123,2.520409500345767
TPA2_8b_3ea,2.7367559514829907,2.726945711773021,2.2310125117981796,2.5206252891493994
2ed_25b_8ea,2.709605476165086,2.640875652888845,2.136746543385422,2.52151104263307
3ed_17b_4ea,2.8398606496368366,2.8555562685552416,2.5761348611323145,2.521876035737445
7ed_4b_1ea,2.7963754235334286,2.818751003744921,2.4267980938966422,2.5227048776701197
7ed_6b_9ea,2.7529788953808185,2.7379040716657723,2.2771872147676495,2.523739759764725
7ed_4b_3ea,2.8125493423548997,2.844094483950155,2.47771401122453,2.5240579908357845
3ed_8b_1ea,2.785758343946415,2.795492828769818,2.384471576750242,2.525012623844694
5ed_4b_3ea,2.673847448102271,2.632801295293703,2.0056234497742507,2.525180154437159
5ed_8b_2ea,2.730488525438593,2.7144099515288915,2.1901491673126947,2.52768675990065
TPA2_9b_2ea,2.815614791229401,2.8119115471391627,2.4711960501762293,2.5301179755414838
2ed_24b_8ea,2.756712287537912,2.7087767963331544,2.269933831360734,2.530874369516928
6ed_25b_8ea,2.669242824362131,2.595275652603504,1.973982765903224,2.530949201781217
1ed_8b_3ea,2.770075851258664,2.7595957494490326,2.3103233605183857,2.53259515858462
TPA2_15b_3ea,2.7061166122330502,2.6699325066370134,2.092256528291817,2.533246491292216
TPA2_4b_3ea,2.681016094911306,2.639301762499315,2.0064672395751266,2.5335774602766823
2ed_8b_2ea,2.829879853159497,2.8663155129502975,2.505853920575192,2.534990240762314
3ed_25b_8ea,2.7871985301027857,2.7307891870538854,2.3614487793895034,2.5350245279568138
1ed_6b_9ea,2.7734215031479046,2.7468804086159855,2.311141509435499,2.5363619139440736
7ed_21b_4ea,2.7933517020509298,2.8279437010979476,2.3776134720101014,2.53668997228833
5ed_22b_11ea,2.6793361150765516,2.677716062143535,1.9893740739879489,2.5376741533312415
5ed_6b_9ea,2.745542365728076,2.715182627290784,2.212580971856304,2.537904866364798
5ed_15b_1ea,2.680552441811168,2.62494285242581,1.9922506933651905,2.5381177785257343
7ed_22b_9ea,2.757877216443726,2.800923299806709,2.2481629452052876,2.5401028359452744
2ed_15b_1ea,2.8180463480237905,2.8316893218941046,2.4514100667367065,2.5401711964657983
TPA2_10b_1ea,2.7261063933021767,2.6603663464008327,2.1391056342420445,2.540690483785193
3ed_6b_8ea,2.890704853733281,2.9210071707555256,2.690031139485917,2.5426997324828786
3ed_20b_7ea,2.8338248830071264,2.8815689581182102,2.497475838987771,2.5427854136067336
1ed_25b_8ea,2.7108494470233664,2.6347592674870453,2.080217339759815,2.5433119327685842
5ed_24b_8ea,2.7129846279644427,2.6619654674711866,2.085395055679232,2.5440447413230785
7ed_22b_10ea,2.7640246847163037,2.807963664079321,2.256467807139607,2.5445826435634715
1ed_21b_8ea,2.7347038221057898,2.7479761414267974,2.1572289174813037,2.5446193494908744
5ed_6b_8ea,2.775470049594709,2.7595957494490326,2.294887853825307,2.544682367959126
3ed_22b_5ea,2.77366965073464,2.802949329906707,2.2870573500635,2.5453080835756117
2ed_10b_1ea,2.765010823835856,2.7145882222847,2.255072569984593,2.5462802854923816
5ed_3b_1ea,2.6634520879315837,2.5791354758047924,1.9103912523224071,2.5467474782019104
3ed_24b_4ea,2.784507217410914,2.7257468435272756,2.3193116004366083,2.546883369452692
3ed_4b_2ea,2.849257247374605,2.881368081927334,2.534174151473357,2.54834195174843
3ed_4b_1ea,2.8394054499723573,2.8585185321409625,2.5001950843967826,2.548582161488767
2ed_15b_3ea,2.859771111756061,2.8885500234285972,2.561659203523175,2.5512362816350906
2ed_25b_4ea,2.7147665164581576,2.634143591063917,2.070802862487355,2.5514451857677884
6ed_22b_1ea,2.7602100304011845,2.8190073295688003,2.221022307106266,2.552676170860924
5ed_15b_2ea,2.7299475013372994,2.691549281652764,2.117046974761709,2.553270174764392
3ed_8b_2ea,2.8741551446525007,2.9161298952481727,2.6045427420391696,2.5533003324072547
2ed_6b_9ea,2.795744941847064,2.7803241195036392,2.3380284223120675,2.553803563074938
3ed_10b_1ea,2.7910253760183403,2.746941259736001,2.3213522924488985,2.55406158634577
6ed_24b_4ea,2.672982871432266,2.5901797548877825,1.918430524873798,2.555428758824408
6ed_22b_6ea,2.765134140704282,2.8342782949884073,2.2289271535400994,2.555814843131012
3ed_4b_3ea,2.8633370758265095,2.8927279290286667,2.559914023942336,2.5561905240519875
7ed_22b_11ea,2.7881385844705404,2.83447265882787,2.2847396570254603,2.563700151727657
3ed_24b_8ea,2.8596392095784977,2.8267188411731556,2.5262233962665337,2.5637958791940383
1ed_10b_1ea,2.7666148015560648,2.6985783548583853,2.2092696100939446,2.564667911518532
7ed_22b_2ea,2.8004804960870597,2.850239636955357,2.3214392100672625,2.565505535596894
6ed_6b_5ea,2.8478176336811085,2.826525539223679,2.4811348301367193,2.5656332330631897
1ed_22b_5ea,2.7377831715477967,2.7262862037627866,2.106688335129847,2.5664981204895696
2ed_24b_4ea,2.7460895893199604,2.670622545405932,2.1321172565381,2.5674514442833973
2ed_15b_2ea,2.8746881976525516,2.906696563660169,2.5645200902908427,2.5683133961455136
5ed_21b_4ea,2.7209021878248705,2.7048179784866684,2.0433332026982423,2.568751937496653
6ed_2b_1ea,2.724010355786183,2.6767334140473356,2.052363126977769,2.569282855920224
3ed_6b_1ea,2.806756047120641,2.764209532217455,2.3320045023929965,2.5693294087847156
3ed_22b_4ea,2.820289658283322,2.8530595786144866,2.3754727089222762,2.570151483919048
7ed_6b_8ea,2.918600842765683,2.955680771476243,2.7043460570039,2.5714171896569833
2ed_21b_4ea,2.8285242684765355,2.8638661232792,2.398910338667882,2.5717324328493905
6ed_22b_7ea,2.7788910269764426,2.846052822092378,2.23049080649979,2.5719495304612163
1ed_8b_2ea,2.8111465746031015,2.798900196504589,2.338954548820953,2.5721632269222487
2ed_25b_5ea,2.832724343348627,2.772119456433856,2.4095854220816313,2.572998007656836
5ed_6b_1ea,2.7328354433319264,2.6614512546573974,2.068695473978459,2.574130874659841
5ed_10b_1ea,2.7364539746158543,2.664539514918083,2.0807060224136724,2.5742112976187417
5ed_21b_8ea,2.7592273120993065,2.7824453137157596,2.156703633459306,2.574570682954463
TPA2_8b_2ea,2.810445715322473,2.805422520491919,2.328719865642706,2.5749863719723085
6ed_17b_9ea,2.814528347498532,2.834537452698368,2.341781560418931,2.5752527392402214
1ed_6b_8ea,2.839080396687948,2.8239507038429243,2.4241886845954688,2.575470152937326
6ed_3b_1ea,2.6930106505753684,2.616910252527073,1.9265676771707787,2.576814519725935
7ed_2b_1ea,2.7769618033669143,2.7386296966682013,2.209938966418514,2.576985221239746
TPA2_15b_1ea,2.7356691465515657,2.6831045203016948,2.0663857386638917,2.578399060428369
1ed_9b_2ea,2.8793608592997293,2.8744216464392505,2.5475546576353456,2.5800740837415437
6ed_3b_3ea,2.7679116811925,2.725387388582857,2.1661223758536607,2.581729557360781
7ed_24b_8ea,2.833565855573292,2.799595308537497,2.382272682671665,2.583823209146061
1ed_24b_4ea,2.7489508602851562,2.6700474883345064,2.0941646187553675,2.5845471041098653
TPA2_6b_1ea,2.7611319647674817,2.6925428398962676,2.134355911763823,2.5849039656428787
1ed_15b_3ea,2.7755321740026595,2.733980275730191,2.1810193725286315,2.585630845978049
7ed_24b_4ea,2.819904837189703,2.7602100304011845,2.325444468723493,2.5876420804822384
2ed_6b_1ea,2.8037732421142048,2.752551120019153,2.2700584982012084,2.5879448584624063
1ed_6b_1ea,2.789455726401881,2.7217383043030536,2.219948715572673,2.588555395535499
7ed_25b_8ea,2.8007335096386776,2.739658324070233,2.2558520485690368,2.5893551096547256
2ed_22b_8ea,2.8657193299224133,2.9365716716180272,2.4753892840465297,2.5894218798629915
7ed_25b_9ea,2.8452038778794644,2.8168940346602183,2.404818870231422,2.589854671348692
6ed_24b_8ea,2.733317361145854,2.666029012615141,2.025741282848834,2.5901341542910212
6ed_24b_9ea,2.761746929903624,2.752795546803038,2.1117470564168803,2.5937657608903097
1ed_21b_4ea,2.7658742729689245,2.7473672930771222,2.124191441640134,2.5943079744624598
2ed_22b_2ea,2.8459875007055957,2.9176394213115957,2.392384391691128,2.5952690653252817
5ed_25b_4ea,2.6884564188310134,2.5977222819320156,1.8563381449406093,2.596496188651285
7ed_3b_1ea,2.7524289229038827,2.6819438824644277,2.068246912728806,2.5980713916626383
TPA2_15b_2ea,2.7925339024804705,2.7573866000832297,2.1999019871153327,2.599486976378053
7ed_22b_1ea,2.830784298368706,2.8735556962769473,2.328719865642706,2.599670168204084
6ed_2b_3ea,2.8404461208508263,2.8358988085933174,2.3548564370500182,2.6020144596849373
7ed_22b_7ea,2.8290405285241684,2.8727568206316105,2.312822684480599,2.603260144403837
7ed_22b_8ea,2.857859720337939,2.91154230918178,2.406825997782275,2.604493898461252
5ed_6b_5ea,2.880364120923178,2.8413573338315534,2.4760812996613915,2.6069470414529317
7ed_17b_9ea,2.871625840201543,2.898475384066357,2.4421403329540685,2.608524987740452
TPA2_4b_2ea,2.7573252853114854,2.714885392252547,2.0555612261412177,2.6085673578448993
1ed_22b_9ea,2.784132098561741,2.7816338867993813,2.1458799931771706,2.608681368585305
7ed_15b_1ea,2.9058791574274183,2.917570772587535,2.5570106694795816,2.6088636185762324
3ed_22b_9ea,2.8463141376275183,2.8877427900731907,2.355035333328449,2.6090719273546243
7ed_6b_5ea,2.9237621231695274,2.9044498022097955,2.6137660547994943,2.6101948295163058
5ed_4b_1ea,2.734462597431866,2.6744241433353353,1.9692177961495785,2.6118131637299205
2ed_22b_3ea,2.871093922196458,2.9409595001717816,2.4281286795203028,2.612908910463878
5ed_4b_2ea,2.764209532217455,2.7224553846739155,2.0664890493416017,2.6129998406099375
3ed_22b_10ea,2.8545044982905807,2.89732406667935,2.3702508918234315,2.613550484850258
TPA2_4b_1ea,2.731992495940399,2.67234920380472,1.9522281500345233,2.6149137721898565
5ed_24b_4ea,2.7260464617526505,2.639077074144273,1.9307373474984868,2.615411526002144
7ed_3b_3ea,2.83784587265689,2.798394877248151,2.3086887992132343,2.615430553902319
5ed_22b_1ea,2.7352467332629558,2.7201859253206715,1.9564480183929132,2.617348535935362
7ed_24b_9ea,2.884182899675362,2.8692337599959004,2.455730886951773,2.6188864576106106
2ed_22b_1ea,2.864990998492244,2.927835176750633,2.3846550011681535,2.621107007575113
1ed_22b_10ea,2.801682717769105,2.797952872551623,2.1673339172171153,2.6222806855467287
TPA2_3b_1ea,2.7366955507778155,2.6508118219193384,1.9474757413893518,2.622327482424967
5ed_25b_8ea,2.728806043127194,2.6429019865668364,1.91920252910916,2.6229010969886484
3ed_21b_4ea,2.9122261069011204,2.9448008788292683,2.5373373318138497,2.6236282975557654
6ed_21b_5ea,2.8748214917984565,2.9399832943486457,2.4049587937498607,2.625749680798801
6ed_13b_1ea,2.8221511085106927,2.7947367622831893,2.221778420127624,2.627579172669932
7ed_22b_5ea,2.8596392095784977,2.914279428558669,2.3479895363795955,2.6277729071594074
3ed_15b_1ea,2.94319326400377,2.9532873366933297,2.6290055422495615,2.62830710143962
2ed_24b_9ea,2.8638661232792,2.8393404333610284,2.360055488204313,2.6285718026551983
1ed_22b_11ea,2.802949329906707,2.797132377021561,2.151128918981035,2.6296346842362563
1ed_25b_5ea,2.887204885110897,2.825752595728153,2.4347557463477156,2.6300830964813016
1ed_24b_9ea,2.863535445713757,2.836482647217102,2.3546328549189703,2.630116931591303
1ed_24b_8ea,2.818751003744921,2.7531011413353204,2.203146161465146,2.6301407040015907
1ed_15b_1ea,2.8030126905769435,2.7454815765690874,2.1445068556214384,2.632088570570962
3ed_3b_1ea,2.8200972346086606,2.7520623966474203,2.197329093523937,2.6338625848240094
1ed_3b_1ea,2.7977003611241105,2.7169674051960566,2.117770108719477,2.6352384474955093
2ed_6b_5ea,2.9490029348778255,2.9222462565866856,2.6265552934916925,2.6362374893375566
6ed_7b_1ea,2.8719583890527796,2.8798958451759953,2.364420627826688,2.63682606476928
6ed_3b_2ea,2.8572670493051016,2.8220868796682406,2.313297304362495,2.637346722992623
1ed_4b_3ea,2.8131874269645363,2.7672939678578596,2.1639676696405505,2.6374516193724484
6ed_22b_2ea,2.8605627804222293,2.9342785064895724,2.3233530457691036,2.637737059321293
6ed_17b_1ea,2.8900311239859886,2.9002379933514866,2.4210647910994947,2.63842751106485
6ed_10b_3ea,2.899288629749183,2.8903679495989096,2.449618241915109,2.6394135674002364
3ed_22b_11ea,2.888079082467516,2.933445515974139,2.4114598200296142,2.639506131382098
3ed_22b_2ea,2.906628428910312,2.9568084366011593,2.4735129043055757,2.6397444825978376
7ed_25b_5ea,2.936849874609038,2.8809664135531894,2.564679215821275,2.6436984149946126
5ed_24b_9ea,2.845073316027506,2.813698103148237,2.2536380975926504,2.6439625404924363
2ed_22b_7ea,2.885995331325765,2.9568084366011593,2.3911849008955937,2.6442548800223946
5ed_17b_9ea,2.848602697122509,2.837651045945874,2.262932976964428,2.644909556038732
5ed_11b_1ea,2.8197765868275795,2.7880132072520643,2.1652902265832474,2.6449737810213465
6ed_23b_4ea,2.820802916484516,2.7670469597157705,2.168698522233465,2.644995972280661
5ed_21b_5ea,2.8132512513497474,2.8175340923822496,2.1395116276850565,2.6463075735039205
5ed_21b_11ea,2.8271055244007846,2.837066726285099,2.1751657762334946,2.650323673375944
1ed_17b_9ea,2.889290383897822,2.8844512644104965,2.382043864410305,2.6515350745355994
7ed_15b_3ea,2.9739699101988926,2.9984203942870953,2.666659686145007,2.6521430372555597
6ed_21b_3ea,2.895024173649207,2.9667833143301467,2.394370808020059,2.654069097905264
2ed_3b_1ea,2.825752595728153,2.7548749284784346,2.158205124110048,2.6547697243661683
1ed_15b_2ea,2.8577279944168796,2.816638092988888,2.2657446902087197,2.6549751527634826
1ed_21b_5ea,2.8533221824691157,2.8505017219315145,2.2498761731273875,2.655324068967
7ed_15b_2ea,2.9773260518090376,3.004523161681152,2.6643105091369503,2.657059434756057
6ed_11b_1ea,2.8718253602701105,2.8826407710094575,2.3067990364576185,2.6573478802413053
2ed_22b_6ea,2.9063559218502943,2.9765398930781544,2.4208757229601687,2.658307867586953
3ed_22b_3ea,2.9311572287666134,2.9786133895206057,2.5045885678511546,2.6583591030584426
5ed_21b_10ea,2.8347966578058346,2.843898798351975,2.1766930925929544,2.6591097400627426
3ed_3b_3ea,2.909151543865963,2.8673097027642513,2.4277958963434716,2.6592167614400726
7ed_23b_4ea,2.877690308789576,2.832594924290543,2.3059839585989774,2.664758411066523
3ed_2b_1ea,2.8850552676999257,2.842008558266893,2.3299450470827288,2.665096017598827
5ed_25b_5ea,2.8893577082147175,2.826589970269275,2.3404997245327075,2.6665290475488463
6ed_6b_3ea,2.9292184495356426,2.9217642649798026,2.4707036623444414,2.6681690993502603
3ed_3b_2ea,2.9501255092725263,2.9155813638782697,2.5382202813694725,2.669307739498972
3ed_22b_7ea,2.926246027274167,2.9689854041839534,2.454952987640919,2.670215340620286
2ed_3b_3ea,2.902070665740096,2.858254970973488,2.3729724505931076,2.6703019681679976
5ed_17b_8ea,2.928457487795924,2.942634504989269,2.459042466301964,2.671431348084705
TPA2_11b_1ea,2.865454439287859,2.83784587265689,2.2413765595817803,2.673099243358919
6ed_25b_5ea,2.9092197969580464,2.851288266130351,2.3850678093045357,2.6746368393826216
7ed_3b_2ea,2.930049040778422,2.89563261344938,2.4519917621906395,2.6758937761800596
2ed_2b_1ea,2.8734225194823844,2.825237534876802,2.259139983343223,2.6763934755228496
3ed_15b_3ea,3.019521633607919,3.0423395506585904,2.7515127902574625,2.676968592143439
7ed_25b_1ea,2.873888692278555,2.793225855557021,2.258317101437729,2.677254616655877
1ed_3b_3ea,2.8988141809833277,2.8392104090704495,2.338998668384631,2.6785446415364196
TPA2_3b_3ea,2.8540445923940156,2.7900833743388795,2.183900304791258,2.679882849330959
6ed_21b_1ea,2.884585465506847,2.938032825630679,2.2841925248819734,2.6809487087827146
3ed_22b_1ea,2.948091472046381,2.992414580958126,2.496922643638727,2.681662926075454
TPA2_3b_2ea,2.895903113238114,2.8404461208508263,2.319571914507516,2.6819848736262903
5ed_3b_3ea,2.853978903649024,2.789706751687165,2.172536186939218,2.6838822756698053
3ed_15b_2ea,3.0226866734695856,3.0478732525253864,2.742930860392037,2.683890306259377
5ed_21b_2ea,2.8555562685552416,2.8682382356990845,2.1763874577576625,2.6844142215737756
1ed_25b_9ea,2.9450106972032493,2.8892230627182727,2.4653493330763823,2.6892571996186083
3ed_22b_8ea,2.981119735683203,3.036379729804173,2.579940399179053,2.6919482592348594
3ed_22b_6ea,2.9556103209644564,3.0027769804030227,2.493357906493663,2.69206769290135
1ed_4b_2ea,2.8793608592997293,2.834731852084741,2.2332626504888484,2.6928891714204983
5ed_25b_10ea,2.928180872452424,2.8680392137329203,2.3970553915666506,2.6933458904716545
7ed_10b_3ea,2.9901776123307244,2.9853542807622984,2.6058016098378265,2.693658416283725
1ed_24b_5ea,2.966073659420725,2.9093563127505884,2.5202161579964804,2.695125692309575
5ed_21b_1ea,2.8289759857123293,2.822343812580922,2.056618105016218,2.695146423157514
5ed_25b_3ea,2.890839637379186,2.8249157171828867,2.2614884901924612,2.696688657220859
3ed_25b_5ea,3.0007423324962565,2.9486523055606693,2.628726874684506,2.698251202186152
7ed_21b_5ea,2.9558216825759294,3.004086425993721,2.4749446210878374,2.6989336577604655
1ed_25b_1ea,2.8480138589711026,2.7602100304011845,2.1056508924543262,2.7006513063171456
3ed_25b_1ea,2.907514429885172,2.827750231596607,2.3028149275863616,2.7020917956126143
6ed_21b_8ea,2.9763969997297908,3.0558350684051168,2.5332940141730576,2.7029602554895544
5ed_10b_3ea,2.9384505653153585,2.899966683171796,2.404305956601055,2.7032070503895955
7ed_2b_3ea,2.9743979324460366,2.97012324620333,2.5255545115023588,2.703312193561982
1ed_3b_2ea,2.9605499810367406,2.9081281316574694,2.4781101444051084,2.7035358637985563
5ed_23b_4ea,2.854767368213989,2.7820083327143235,2.119398967743053,2.7039127908881313
6ed_5b_1ea,2.9238310635638487,2.9317809529670837,2.3471450956983313,2.7059820678753663
7ed_13b_1ea,2.938659479707622,2.917090321956875,2.395064520227586,2.70677781081147
1ed_4b_1ea,2.868304582492721,2.8087905272327185,2.1529216509087923,2.708309183638346
5ed_2b_1ea,2.828459749218587,2.7494384790630333,2.0176984412546024,2.7084901057162005
2ed_25b_1ea,2.8699642504685188,2.7836945876247126,2.157829555481473,2.708561737565563
TPA2_2b_1ea,2.8327890573125627,2.754385379633995,2.0265358469919397,2.7105721578651587
5ed_3b_2ea,2.9236242521336107,2.8679728792150714,2.3320483601471227,2.711150044322349
6ed_14b_1ea,2.9335149137862033,2.942145764858891,2.3637896108456826,2.711760265927913
1ed_11b_1ea,2.923486394099795,2.894145767434772,2.3285886726210365,2.712224588293552
3ed_6b_5ea,3.066187171576934,3.0432355422800477,2.808472445319415,2.713158272248357
2ed_21b_5ea,2.9789711809187462,3.0494472962089074,2.5126071489076782,2.713509943083506
TPA2_10b_3ea,2.966570382203948,2.9299105761954256,2.4691293390231546,2.7140661459332502
2ed_3b_2ea,2.9800450710344344,2.9427741748520972,2.5123017080807752,2.714922901175314
2ed_21b_10ea,2.9893125866238237,3.0626278256703916,2.538272238715771,2.7168482448410716
2ed_24b_5ea,2.993064650504304,2.942145764858891,2.5498596628777057,2.717242609234365
1ed_25b_2ea,2.9797586246393717,2.921557745817751,2.5011028158808912,2.7185950986168392
1ed_10b_3ea,2.992270159404991,2.9544131759010464,2.5405084186470286,2.719635008272794
2ed_17b_1ea,2.9911152886371775,2.990249720404717,2.533449288093632,2.7207672807447123
3ed_23b_4ea,2.9551876884114114,2.9094928413557994,2.4117412312699176,2.7208510657285996
5ed_25b_9ea,2.9452905015496738,2.889290383897822,2.37770465390391,2.721056832143787
5ed_22b_7ea,2.8624117129672855,2.8570037188549566,2.092291831700714,2.722920406928005
2ed_21b_9ea,2.9948718820824753,3.068311568201886,2.5389478778382606,2.7233527289825865
TPA2_6b_3ea,2.9702655377809855,2.9321969165916157,2.4535443005548747,2.7241449969296503
1ed_25b_3ea,2.9579369625186143,2.8946862620104774,2.4079944733613514,2.725532603754842
1ed_17b_8ea,3.0113819706569886,3.0226866734695856,2.58861165307801,2.7255632887914314
1ed_21b_10ea,2.929841348811351,2.9351119702166497,2.3099790500324673,2.7266171623495614
1ed_22b_1ea,2.882439745362347,2.856608814175793,2.1435429989929267,2.7288307033849373
2ed_23b_4ea,2.942285388329129,2.8901658448103396,2.345413671636362,2.7290005401438675
2ed_23b_8ea,3.0291846929459587,3.0522245706134696,2.638403238557871,2.7292967680839446
7ed_17b_1ea,3.0167301334600722,3.0302950978920533,2.5958189496481574,2.729466995230995
5ed_17b_1ea,2.9073780868872876,2.8573987327344184,2.2257265114471356,2.729597203806959
6ed_10b_2ea,3.013284620197391,3.0079486562619544,2.5831651231327797,2.729827459138499
5ed_25b_1ea,2.8294278472502636,2.735729501957879,1.9510915977868084,2.733573552406691
1ed_2b_1ea,2.905198336669857,2.833889647265354,2.207146106437102,2.733621198067153
2ed_10b_3ea,3.024234803320395,3.007729774316415,2.6064041073198703,2.7347754502596593
2ed_21b_8ea,3.0325183518156718,3.1168227278740903,2.631404524451814,2.735854830467655
5ed_25b_2ea,2.9683457510830378,2.90997079239986,2.4127266880519675,2.7364665379447075
5ed_22b_2ea,2.889425035669179,2.8903679495989096,2.1452859882310484,2.7366827121761337
5ed_6b_3ea,2.979973454272736,2.94235520503388,2.449618241915109,2.7373362084715755
1ed_25b_11ea,2.9992906998946087,2.940262144161971,2.5144413546738886,2.7375122143288166
6ed_2b_2ea,2.9955230198271003,2.994293330574298,2.5003967455586147,2.7379809037640306
2ed_2b_3ea,3.0018319794166466,2.9891684643285883,2.5212410110557277,2.738155686545577
7ed_23b_8ea,3.0576435223589,3.0941130703099815,2.709605476165086,2.7382776145982515
5ed_25b_11ea,2.976111254187995,2.9185321487924027,2.4301272960009177,2.739645146372974
7ed_7b_1ea,3.007729774316415,3.018198700363714,2.5356769744743124,2.740131721284378
1ed_6b_3ea,3.0210665222497948,2.985713693523942,2.578116626936042,2.7410840739611557
7ed_24b_5ea,3.054931643403371,3.011016351943636,2.69102357702517,2.7416563304058315
6ed_25b_11ea,2.978828054045279,2.9236242521336107,2.432701785406553,2.742018261070999
1ed_17b_1ea,2.945570359069359,2.893335403918679,2.3193116004366083,2.742356660788143
6ed_25b_1ea,2.8588480519606865,2.7713140399996163,2.0253442343810075,2.742626225696486
6ed_23b_8ea,3.034819144025621,3.0612668593725085,2.6190105902450647,2.743095974351446
3ed_10b_3ea,3.0576435223589,3.0477234283474126,2.6952349730637253,2.7434359053931394
6ed_25b_10ea,2.9893846529831922,2.9367803189196127,2.4568986607042365,2.7461447462385293
1ed_21b_11ea,2.952795051810802,2.958713323926099,2.3324431541813446,2.746411294667101
1ed_25b_6ea,3.0271880134208007,2.9736133190825615,2.5801551302720163,2.7477816634846937
7ed_21b_2ea,3.0192275482284594,3.083801925037126,2.550384109538108,2.748806799073914
7ed_22b_6ea,3.0154829747754874,3.08618122416543,2.5376488909164787,2.7488335261099053
6ed_21b_7ea,3.0012507359314267,3.0906426910032856,2.4892535312511104,2.7489321669613815
6ed_24b_1ea,2.856674624040888,2.763285541867068,1.993467765312651,2.7514305139714086
5ed_25b_6ea,3.003577061470372,2.9506871170222446,2.4874558757420826,2.752400765927997
2ed_13b_1ea,2.9750401968748275,2.9418665576688685,2.3902630338250637,2.7526545375720897
2ed_25b_11ea,3.0311099123846303,2.9756827387329996,2.5772057073979053,2.753600147117681
7ed_21b_10ea,3.0179048726086157,3.076075398916991,2.532311054500844,2.753688863421397
6ed_24b_5ea,2.9706924943279467,2.913047088254818,2.371338765863013,2.7541708393962328
5ed_24b_5ea,2.9892405237390394,2.9292184495356426,2.4272256230693294,2.7566209588562343
7ed_6b_3ea,3.062174035801423,3.056362313123729,2.669817534842132,2.7580579223320716
6ed_21b_6ea,3.0080216239900737,3.0901805618596665,2.4822275128764453,2.7596716022760415
5ed_10b_2ea,3.0319251651851635,2.999363248167549,2.5559565363759496,2.762216961691149
7ed_21b_11ea,3.0283709130499394,3.087871987592271,2.5435830852460066,2.7623448146153673
2ed_25b_2ea,3.0422649085046944,2.9888082193825403,2.587909327052965,2.7632962762437128
2ed_21b_3ea,3.0583976767399075,3.142653405118048,2.639301762499315,2.7644284011177063
6ed_6b_2ea,3.0519991977588132,3.0480230914346107,2.6170207126280616,2.7646607072989386
3ed_17b_1ea,3.0661113546744176,3.0727214819909014,2.664654032572103,2.7646898638428823
2ed_25b_10ea,3.0506476592551186,2.9968985741913867,2.611949180725088,2.764840846826026
3ed_13b_1ea,3.0241610468927353,3.0008149510126034,2.5213948109099986,2.765200015520319
7ed_25b_3ea,3.042712816375306,2.984707555800766,2.5829498907605726,2.765620066087052
6ed_6b_11ea,3.048997403568881,3.027114112876079,2.601373600305092,2.7666341278014515
2ed_7b_1ea,3.017170553451331,3.014969738517381,2.492856648420707,2.7669598170037895
TPA2_10b_2ea,3.0529008889317972,3.0217291014168737,2.6136007799878347,2.766982623759046
7ed_21b_3ea,3.042414196475276,3.10387172479957,2.5778486425874774,2.7670887404545135
1ed_23b_8ea,3.0301469968658132,3.0175376683557493,2.534070574167593,2.7679148628110575
5ed_25b_7ea,3.053351934346429,3.0098469684388274,2.6108492737133706,2.768517685182167
5ed_6b_10ea,3.0352648619622262,2.990970992468108,2.549335431861489,2.768646809015062
3ed_25b_10ea,3.078672080982765,3.0239397991938453,2.694005288210281,2.76939848150883
5ed_13b_1ea,2.906219687480789,2.836352884526804,2.110201752931194,2.769658921163487
2ed_25b_3ea,3.0206249642089795,2.961610628525707,2.49591746151935,2.770053562788899
5ed_6b_11ea,3.0364540834474334,2.992125751791487,2.5478687311116714,2.7706165724590153
TPA2_2b_3ea,2.9608327460779087,2.913047088254818,2.2919186626572063,2.7707124554679408
3ed_25b_9ea,3.0602091659857558,3.0157763310976677,2.6270561091024094,2.7710224800849814
3ed_25b_3ea,3.0578697296180817,3.0000889239751967,2.6175731530385633,2.771587143750539
2ed_21b_1ea,3.0128453338616232,3.069526831342496,2.465251305309108,2.7716194762742687
6ed_25b_3ea,2.9737559452669866,2.9147589536397636,2.332311541318565,2.7718975965259545
5ed_2b_3ea,2.959702009875473,2.9113372324789357,2.2841083739637273,2.772143646853481
6ed_25b_9ea,2.999871184365376,2.9520217927804504,2.41969471579719,2.772226013234378
6ed_17b_5ea,3.110958012136351,3.1345503022256076,2.791779435467913,2.7734860819364497
3ed_24b_5ea,3.089333683933998,3.04293681977283,2.71792024649284,2.773753598238558
1ed_10b_2ea,3.077755104513461,3.045403035728143,2.676444537141006,2.7745890286721133
7ed_2b_2ea,3.0720363543192653,3.0711233258802957,2.6560355439691303,2.7749743089314767
3ed_2b_3ea,3.0685393567370163,3.05952960610286,2.644085451217409,2.775019684040038
1ed_22b_6ea,2.946480263419419,2.938032825630679,2.2273656913966486,2.776464936381443
6ed_13b_3ea,3.054254425127289,3.069906798518093,2.5890440432150754,2.7774399730929327
3ed_25b_2ea,3.083648547840018,3.030739487846283,2.6883981312493024,2.7774508283913635
2ed_11b_1ea,3.026449170305155,3.033853870760981,2.494762502127451,2.7775366472684304
2ed_5b_1ea,3.0257106877590854,3.033185964280297,2.4897033511844757,2.7784563742437185
TPA2_6b_2ea,3.0583222445614213,3.0262275876935405,2.5991924750192386,2.778734078449332
6ed_25b_2ea,3.01893352012813,2.9678484336359308,2.4653003182182753,2.778990772914935
5ed_21b_6ea,2.9586427287762835,2.974326586849192,2.2602930259887497,2.779406573874265
6ed_24b_3ea,2.9701943902879853,2.910653852066636,2.2982054565052885,2.779817513303431
6ed_6b_10ea,3.0535023124367213,3.029702780632888,2.5784918986430196,2.7803148674959646
2ed_14b_1ea,3.02696632261059,3.034819144025621,2.48865402411879,2.780356923614881
7ed_10b_2ea,3.1006895402901353,3.0989072675999103,2.7362728204811178,2.780947908685307
3ed_24b_1ea,3.0043775690098324,2.9319195943948837,2.4023495700120665,2.7839211977623637
TPA2_13b_1ea,2.942913857974198,2.878024263798139,2.1943738126591423,2.783979022249803
2ed_25b_9ea,3.0534271215400843,3.0056884112408877,2.565368988036718,2.784934080107755
5ed_17b_5ea,3.065883926461684,3.0436837360270697,2.607280964817234,2.7850079044982157
2ed_6b_3ea,3.0811965859691584,3.0652776161407767,2.6583701448331616,2.785253562967915
6ed_25b_6ea,3.0456274354213,3.0016139867285427,2.5380124732534295,2.785287657537137
1ed_25b_7ea,3.0914132134761743,3.0463008329626047,2.692484374988987,2.785407610265393
3ed_6b_3ea,3.106982595984536,3.097436500031045,2.742324245432975,2.786413278584682
1ed_6b_2ea,3.087256950223897,3.0550821771396177,2.6749433817789026,2.7866597248643554
7ed_25b_10ea,3.0881795981805302,3.0341508125120584,2.6770223533191455,2.787033244235376
1ed_6b_11ea,3.087641319864114,3.0446552755111553,2.6747702798969524,2.7871883476192787
1ed_22b_7ea,2.9681325946272548,2.9633800641846575,2.2698922787900493,2.7874782402725273
1ed_6b_10ea,3.086488497964974,3.0432355422800477,2.668783234094717,2.7879382819631204
3ed_25b_11ea,3.098133005340366,3.0421156351841914,2.7070618566507187,2.788330458604144
7ed_21b_8ea,3.0801250783879683,3.153522936999131,2.6447057843651156,2.788857955341988
1ed_2b_3ea,3.0241610468927353,2.9796154220910904,2.4551960282297363,2.7889620626055085
6ed_14b_3ea,3.0958898311173404,3.1503182186870964,2.6925428398962676,2.790819643761189
6ed_5b_3ea,3.100301915335104,3.154325135604355,2.7023422265122874,2.7926568536938845
5ed_6b_2ea,3.0633844410727513,3.0310358202332637,2.5757602751447375,2.793288768148853
1ed_22b_3ea,2.97012324620333,2.966641356183138,2.2486113955162357,2.7975329534511797
5ed_2b_2ea,3.026006037526059,2.986288933982198,2.4323200354206125,2.799412559700945
5ed_24b_1ea,2.902274438987544,2.8049148435971505,2.0117407347049356,2.8002133682237624
1ed_24b_1ea,2.951389427470434,2.8593095073614228,2.1771134806823307,2.800460939653804
5ed_7b_1ea,2.947881214476579,2.891311479136867,2.1638543827893346,2.800962570524694
7ed_14b_1ea,3.0789014104817705,3.0907197259656733,2.6018648580667008,2.802750604952321
5ed_11b_3ea,3.0393567186073533,3.0365284407322664,2.4661338359567795,2.803478071029354
7ed_11b_1ea,3.0473489323374405,3.0638385897841176,2.4884043146985375,2.8051837857307493
1ed_21b_2ea,3.00241344808094,3.009408683762324,2.33582630836271,2.8054159732583
7ed_17b_5ea,3.171833923511097,3.1964446009780842,2.899220841845752,2.808801674239956
6ed_11b_3ea,3.1007670769127986,3.1564931118456068,2.6566045806355048,2.809638918052993
3ed_7b_1ea,3.09913962174759,3.1046488584312173,2.6504718580228888,2.8098651073304404
3ed_21b_10ea,3.097436500031045,3.1551277424427577,2.6417195808547866,2.810939753235139
1ed_13b_1ea,2.996971006785325,2.9330291980448666,2.2970559706150717,2.8127273970960753
1ed_24b_11ea,3.0907967647683843,3.032295879630812,2.613931350515258,2.812856062147416
7ed_6b_2ea,3.130830566220846,3.1289345295418327,2.7492556017502787,2.8128682112706893
6ed_24b_11ea,3.0439078824101635,2.9887361808128134,2.4518947937781586,2.8141126658974795
6ed_24b_10ea,3.0494472962089074,2.9966088788241376,2.4691293390231546,2.814649202922348
7ed_25b_2ea,3.1242044697843996,3.0713515321066756,2.7200665848979493,2.815303885053221
7ed_21b_1ea,3.0638385897841176,3.1103337448451804,2.5139825522208827,2.8160150510229105
5ed_21b_3ea,2.9961020466751114,3.0103584619393264,2.2847817549702025,2.816078617603466
1ed_24b_3ea,3.062476547437462,3.0009601985900973,2.503071830391062,2.818278419324302
5ed_24b_3ea,3.0229814331344698,2.9586427287762835,2.36721918608955,2.8191097111907184
1ed_2b_2ea,3.0917986188037405,3.054555373955975,2.597994414417709,2.819792517913915
2ed_2b_2ea,3.1107238825383274,3.1022410098757307,2.6619654674711866,2.819798644118873
TPA2_2b_2ea,3.048397753171149,3.0091165648840716,2.4504896131722624,2.8200661593858647
2ed_10b_2ea,3.1370085864638444,3.1245193621363403,2.7496823533294044,2.82021294510286
7ed_5b_1ea,3.0821156145790125,3.0925697178208007,2.56356575161759,2.8203989648005723
TPA2_7b_1ea,2.9892405237390394,2.9377543984871197,2.2477554182964656,2.8210417727071353
2ed_21b_6ea,3.0975138740443353,3.184541460931296,2.612169273346173,2.821640737951208
7ed_6b_11ea,3.136929226789011,3.1158828878717166,2.7442663584318425,2.8220607016026005
3ed_24b_9ea,3.115256642692765,3.094576376484722,2.667921928777977,2.8231617293538402
1ed_7b_1ea,3.020109976271198,2.9685589381566833,2.333847949516155,2.827603387592677
5ed_24b_11ea,3.062703470391553,3.0006697174945023,2.4773674985663763,2.82778039056704
2ed_24b_11ea,3.107605518664298,3.05372790734726,2.6291727711499018,2.8277849963742776
7ed_6b_10ea,3.1377230042699162,3.1147871239824876,2.7265859405810025,2.8293704491568916
1ed_17b_5ea,3.143609466491135,3.1216090276601167,2.745177671147727,2.829841017816261
6ed_25b_7ea,3.1264100500666334,3.0907967647683843,2.685428812252146,2.830413899372247
3ed_21b_2ea,3.1370879501541435,3.204125979476559,2.7175032962029984,2.8318599340169133
TPA2_11b_3ea,3.087026374371211,3.088102689787887,2.5470836925773437,2.832275111830313
3ed_21b_11ea,3.126015968077818,3.1856868617239447,2.677773887441268,2.832683358762047
2ed_6b_11ea,3.1469602671304937,3.1205092333528652,2.748463414437069,2.832728279146802
7ed_21b_7ea,3.102939677837516,3.1659222152767077,2.5946239962700677,2.8345236069835016
6ed_14b_2ea,3.1517595355143944,3.2145087597081745,2.7595343363912943,2.8345789752663366
6ed_21b_2ea,3.105659714121843,3.2003219791912154,2.5996284074245333,2.8360284293582536
7ed_22b_3ea,3.1228668850767582,3.2063629769023043,2.652683183351007,2.837867799519707
7ed_11b_3ea,3.1918369946650573,3.261261254161875,2.8847867905672535,2.838259379934425
2ed_24b_1ea,2.996246838365176,2.9077871542477913,2.223411787802453,2.83828308733921
3ed_21b_3ea,3.1479189511752126,3.2109294993459736,2.735367409462252,2.8385925899488385
1ed_22b_2ea,3.0206249642089795,3.0173173886933724,2.302943232407377,2.839321644960961
3ed_10b_2ea,3.1833151594419644,3.175977138174393,2.843442303325984,2.8427575069994546
3ed_6b_11ea,3.1754891394336044,3.1520800072636015,2.816382197822813,2.8429727283812856
2ed_5b_3ea,3.1747574224420814,3.2293264077749573,2.813506577853625,2.843116888083718
2ed_6b_2ea,3.1579400857164672,3.1453637573432465,2.756467164738086,2.843180922997572
6ed_5b_2ea,3.1654373013489603,3.228485612521944,2.7808852972806197,2.843514986163561
2ed_25b_6ea,3.1438485727331984,3.096276353519347,2.7073573809685993,2.8437067973924095
7ed_24b_1ea,3.0436837360270697,2.9677063735428963,2.3661350876949747,2.8446240707983232
1ed_21b_1ea,2.9953782980830206,2.9756827387329996,2.2027547902180173,2.8446438161910983
2ed_14b_3ea,3.1751638902451242,3.2296628485112993,2.810445715322473,2.844708891563182
2ed_6b_10ea,3.157859663476782,3.130119283244802,2.7493775172555557,2.845628147366761
6ed_7b_3ea,3.1584227051895777,3.205534095228985,2.7504142357763914,2.8459393494590395
5ed_23b_8ea,3.069906798518093,3.0449543355288857,2.4498602273188346,2.8463963979859974
5ed_5b_1ea,2.9735420111206645,2.9157870389574345,2.1207764012680705,2.847568476147928
6ed_12b_1ea,2.993281403122262,2.9589251295903507,2.1760819087402,2.851673160923781
2ed_25b_7ea,3.181926492320832,3.14090213545791,2.813059786881643,2.851977961231465
6ed_24b_2ea,3.0831118477769914,3.0323700333987773,2.477318004669813,2.852566658099073
TPA2_5b_1ea,2.9774690343788794,2.9207319610350444,2.1196888050350062,2.8527248763440425
3ed_2b_2ea,3.1732137934268967,3.1675396685759525,2.7809476643509123,2.8529304912942535
7ed_5b_2ea,3.2471698590028755,3.4270147695255457,3.030072951781219,2.8532633159489045
6ed_17b_8ea,3.2405507750096127,3.3216274786569557,3.0075838707158264,2.8533025589922527
1ed_24b_2ea,3.1320167564785635,3.0767623295554274,2.6336960070885436,2.855787929885364
3ed_5b_1ea,3.1414591458690415,3.149438062728406,2.6555804901217037,2.8593921944832736
7ed_24b_3ea,3.154806650699474,3.107138303241025,2.7006354221004645,2.8594188478547413
2ed_17b_5ea,3.2164265253616633,3.230925125869429,2.908878563520288,2.8594545729055154
3ed_6b_9ea,3.109163918703747,3.1086962346004516,2.546037726746665,2.859517655704382
6ed_13b_2ea,3.1583422583668987,3.1789897812065537,2.7086584548754407,2.860829949463819
1ed_11b_3ea,3.1336789336806374,3.1325706195872782,2.623776458014025,2.8613658422718102
5ed_14b_1ea,2.9806897768261056,2.9225906336792407,2.1063662607780462,2.8614158366695595
3ed_24b_3ea,3.164144923466861,3.116117794731305,2.725447291156402,2.861845967003942
5ed_24b_2ea,3.1064377434612522,3.048997403568881,2.527974463430773,2.8626928566288523
TPA2_5b_3ea,3.0572665846234575,3.0415932939006773,2.3604148897977044,2.863162075983218
3ed_21b_5ea,3.1678633575797157,3.237758509732697,2.7336186461000156,2.8634257145750506
6ed_23b_5ea,3.155047463379544,3.1421755924725137,2.6883981312493024,2.864103683132578
3ed_23b_8ea,3.2066946496093207,3.2328625353463036,2.8610247895928294,2.864820649594142
5ed_23b_5ea,3.1532823569764727,3.1198811273303013,2.6732710015251224,2.867391354454948
7ed_25b_7ea,3.20462282022388,3.1593883868157056,2.845595635343832,2.867844480131306
5ed_14b_3ea,3.0600581265915503,3.0434596226527946,2.347367258035832,2.8712334599714477
1ed_23b_5ea,3.18176319936731,3.1470401351642767,2.758736215309754,2.8712792228692825
2ed_24b_2ea,3.1515993240753035,3.1017754060020217,2.6558079975528557,2.8716170956292713
5ed_24b_10ea,3.1102557290494333,3.0501974123863635,2.515869811628681,2.871671495032279
3ed_21b_1ea,3.159710411929029,3.2081050244681473,2.6815958868913476,2.8722045069626136
2ed_24b_10ea,3.158020512052536,3.106359922985691,2.6680941453629443,2.8750000192768557
2ed_17b_8ea,3.2961104573562685,3.3776333462013186,3.134471066879242,2.875186078137215
3ed_25b_6ea,3.207690079564964,3.155529199046794,2.831366032783259,2.8766747551254213
3ed_25b_7ea,3.23067259146847,3.1837238216530452,2.907514429885172,2.877233879068287
3ed_17b_5ea,3.266329726463736,3.2863266035657483,3.017611102057403,2.88098975109639
3ed_17b_9ea,3.1268042314280664,3.153041813658373,2.541966655167849,2.882388023531149
5ed_11b_2ea,3.146720687350729,3.1502381841812612,2.6073906134899767,2.8830755838239126
2ed_13b_3ea,3.1852776954389483,3.194056859660574,2.7335583837957502,2.8845821497684225
3ed_11b_3ea,3.2592896676499628,3.326796217254925,2.983127851558756,2.8848233866764126
2ed_24b_3ea,3.1282241077157047,3.070210839995613,2.537700824872456,2.885642467056009
3ed_11b_1ea,3.1681061677502,3.1849504380793365,2.670737586545969,2.8862915503128055
7ed_13b_3ea,3.2028845513558784,3.220770789759554,2.7882639729659746,2.886314035860692
2ed_12b_1ea,3.0929554115822206,3.0608134726930984,2.4165352913636466,2.886331188244176
7ed_23b_5ea,3.2047056419957825,3.1894561295782404,2.7871985301027857,2.8889066319359555
2ed_5b_2ea,3.2328625353463036,3.294534125238929,2.8792940000404688,2.890021411740383
TPA2_14b_1ea,3.0346706004684862,2.9824820907673373,2.2079321131344316,2.8904722777386715
5ed_13b_3ea,3.098674948290547,3.0636871919193265,2.4233359144353575,2.890831585755551
2ed_21b_2ea,3.1788267895237596,3.27391882259387,2.6907316076239653,2.8921257149299775
2ed_14b_2ea,3.233115412242663,3.2950594017257337,2.874021912289786,2.892220729654076
2ed_17b_9ea,3.129961264248752,3.1524005441907414,2.5191409586116817,2.8944128187227456
6ed_6b_6ea,3.1916726829616437,3.1750825883582428,2.7132814469211355,2.899621791712387
TPA2_14b_3ea,3.111738698731281,3.0998368932989058,2.44300639134982,2.8996256102177793
5ed_21b_7ea,3.0996819169518752,3.1150218656453093,2.399467382749774,2.900621294378887
1ed_23b_9ea,3.1689967902512923,3.183233439588818,2.6317954708749216,2.90135071774926
1ed_6b_6ea,3.21442543046824,3.1737823241807734,2.784757352805938,2.901579253809852
5ed_6b_6ea,3.1865055097328163,3.1456829296974256,2.6876406226183502,2.9025544552771465
7ed_24b_10ea,3.228065379057684,3.1813550402992234,2.822665044519527,2.904526331000847
6ed_23b_1ea,3.027114112876079,2.9452205454786666,2.1428391899656596,2.904666491957612
6ed_11b_2ea,3.2120939645047875,3.2717592455341116,2.7664913525889703,2.9053062636157643
7ed_25b_6ea,3.231009312776665,3.1796419151172577,2.825495041829805,2.9070833907738707
TPA2_13b_3ea,3.134946539054023,3.103560980270882,2.5001950843967826,2.907263786675032
3ed_23b_9ea,3.1686728695919766,3.1949621345943884,2.609365867842487,2.9090086974230216
2ed_23b_5ea,3.2296628485112993,3.210430701267161,2.809426907260186,2.911216918156598
7ed_11b_2ea,3.2851077042797336,3.3598784860386606,2.9960296560776754,2.9115261864803053
TPA2_11b_2ea,3.1955384858711167,3.2027191002852184,2.691549281652764,2.9121142584059685
7ed_24b_11ea,3.2369133185168324,3.188389997833504,2.8278792083227167,2.9133929546827346
6ed_24b_6ea,3.1681871127454158,3.1215304452155577,2.587207382026014,2.916372948103157
6ed_7b_2ea,3.2474249791992147,3.301024262744724,2.8490608507166972,2.9185472183922228
3ed_23b_5ea,3.254926380873132,3.2375049060270706,2.870828037083389,2.919837918812875
2ed_11b_3ea,3.234042966087914,3.2843246035159006,2.7992793057259595,2.92017530157316
1ed_5b_1ea,3.0911049583882044,3.039207730532912,2.311356908099888,2.921839168312017
3ed_24b_11ea,3.2531331271018917,3.204871298383159,2.849257247374605,2.925404380426517
5ed_5b_2ea,3.152640989671078,3.143689164530545,2.5031728890676224,2.9276696651269543
2ed_7b_3ea,3.2615185934859627,3.3030466797832454,2.8591117225211624,2.9320440871659725
1ed_21b_6ea,3.1419367406309937,3.1502381841812612,2.45286482317059,2.9327365948366015
5ed_23b_9ea,3.1647909804686667,3.1738635594907167,2.5281806309405837,2.9334389000414016
1ed_14b_1ea,3.1026291198954814,3.0495222912238167,2.316928107882113,2.933825614391309
3ed_24b_10ea,3.261690175598885,3.215258917329845,2.851550543997765,2.9349664110925575
1ed_11b_2ea,3.235815229397532,3.240974265701589,2.7634087048881892,2.935201946981822
1ed_13b_3ea,3.1871607311402568,3.154325135604355,2.5929420644419476,2.937341699643225
TPA2_5b_2ea,3.158020512052536,3.1478390385292143,2.4894534311532386,2.939123087564765
3ed_13b_3ea,3.277466707346377,3.290425246271535,2.8904353241431893,2.940155813488662
7ed_23b_1ea,3.0988298239595857,3.0228340461164485,2.285244934773462,2.9405872943802436
1ed_21b_3ea,3.1545658747772163,3.1649525359438173,2.4655944366050826,2.943494572227343
5ed_14b_2ea,3.1592273988724284,3.148798258144815,2.478853235626468,2.9443927575616904
7ed_5b_3ea,3.3002335561638096,3.3541528146756154,2.955117261403275,2.944569083981685
5ed_6b_7ea,3.2754754842101277,3.249808035583992,2.8686363625073525,2.945563913092652
3ed_21b_8ea,3.2801543635622257,3.3684579866821367,2.8821717547763477,2.946383878406447
2ed_24b_6ea,3.248020415583803,3.199991623374008,2.772119456433856,2.9468879726515445
5ed_7b_3ea,3.1680252268910554,3.148078788640047,2.5004975883392384,2.947300948971597
1ed_5b_3ea,3.175814455262974,3.158020512052536,2.5239609071168316,2.9483321419179034
3ed_6b_10ea,3.302870719061951,3.276514081272105,2.9517407080802407,2.948981674025876
3ed_12b_1ea,3.1914262471236636,3.1725642933540446,2.567121615753531,2.95178676461643
1ed_14b_3ea,3.1823347980429313,3.1654373013489603,2.5318457082191856,2.9534152671866325
5ed_13b_2ea,3.1994136647765,3.1737823241807734,2.589584734060288,2.9534175106336464
7ed_24b_2ea,3.2788533345428847,3.234549128906062,2.852928294812784,2.9553018298604625
1ed_24b_6ea,3.2531331271018917,3.1986708818485994,2.7611934489565964,2.9570148729429193
5ed_24b_7ea,3.2734002641361846,3.227981345492342,2.8289759857123293,2.9572814236936544
1ed_21b_7ea,3.1689967902512923,3.1804574588525396,2.4736609361183937,2.9581130947680077
3ed_21b_6ea,3.2766872448205167,3.358695398189085,2.8371316388080086,2.958343176641577
3ed_11b_2ea,3.3541528146756154,3.426541267982282,3.0948080816068786,2.9598658531311886
5ed_17b_3ea,3.2175949817256426,3.2028845513558784,2.6293400213261835,2.961212997347757
7ed_14b_3ea,3.3278676204541693,3.3803035576627543,2.9995809140458842,2.9621467720438486
3ed_5b_3ea,3.336463753686071,3.388061843376672,3.024234803320395,2.9637299049382912
7ed_13b_2ea,3.304543103233739,3.326796217254925,2.912020933862731,2.9652687621713993
3ed_24b_2ea,3.2950594017257337,3.2504895513720986,2.869632163239518,2.9689743715611856
TPA2_7b_3ea,3.209599715425346,3.1933988000448834,2.5805846997095343,2.969010309879607
6ed_17b_3ea,3.3075400214922066,3.3569677677660628,2.9105855316701366,2.9694211910725867
TPA2_14b_2ea,3.2086861277200884,3.2023882494187346,2.57501142987733,2.969902064484361
2ed_13b_2ea,3.2965485951280824,3.310277247276831,2.8684372852886444,2.971210623308334
TPA2_13b_2ea,3.23826583635597,3.2155090476815293,2.669760052657771,2.971791286335427
3ed_14b_3ea,3.352973754954919,3.4025649755986835,3.056814381997851,2.9720727296076106
5ed_24b_6ea,3.232356900207049,3.1757331200569285,2.6470205017769843,2.9727823020603457
7ed_21b_6ea,3.287110659431721,3.370747149964466,2.8307196759671913,2.9732950631651
7ed_6b_6ea,3.3036626899808925,3.2860653347222155,2.879561455709043,2.975851580803537
1ed_6b_7ea,3.33242879348946,3.305335876469221,2.974897447477156,2.9765425397502483
5ed_5b_3ea,3.174351058693465,3.158020512052536,2.436047216332223,2.9781127110661108
2ed_23b_9ea,3.209848966005095,3.235646358733471,2.5533775797570746,2.979078804571123
1ed_24b_7ea,3.320293348839041,3.2769470244646626,2.92659134778718,2.97915390211942
5ed_23b_1ea,3.094653607670339,2.9976955253412987,2.161026061445501,2.9801072085659026
5ed_23b_3ea,3.230840943349214,3.1997439012655238,2.6137660547994943,2.9828791510926385
7ed_17b_8ea,3.409394429632742,3.4930469986687744,3.2174280074141883,2.9828950880552334
6ed_24b_7ea,3.2873720945318885,3.2574060316216884,2.8039634444913912,2.9832164991467702
5ed_23b_10ea,3.2711550744121882,3.242160628712619,2.738266836095372,2.987116604084226
6ed_23b_3ea,3.2449604952697464,3.242754135980094,2.6458908653737936,2.9884840605813365
2ed_6b_6ea,3.318693807026625,3.296022843777221,2.8946862620104774,2.9886649557040528
5ed_23b_11ea,3.273054649749051,3.2430085627613456,2.738206368681524,2.98944371678218
1ed_23b_10ea,3.307451799251629,3.2788533345428847,2.849388193523205,2.991280899712957
1ed_13b_2ea,3.280761863841222,3.2567216127575267,2.753467944347445,2.9933193885540366
7ed_7b_3ea,3.34221922335632,3.3896363076306057,2.959419460757585,2.993980456686991
6ed_23b_11ea,3.286500805877096,3.2817169619092974,2.7691479355444026,2.9946560888324325
3ed_17b_8ea,3.4430964459860838,3.524119689812505,3.2983900464367406,2.9947360163145036
6ed_23b_10ea,3.2808486679651496,3.2753889641751495,2.746819560191897,2.9958111747394747
1ed_23b_11ea,3.313638743105284,3.284411596274377,2.8558193322372825,2.996481189408625
5ed_17b_11ea,3.267706944046771,3.2418215792351064,2.700458979174677,2.9965029287112155
1ed_23b_1ea,3.159871449104093,3.071427608385584,2.330733344719049,2.9983420266748686
3ed_23b_1ea,3.18356034417825,3.1090080083678373,2.4091172778019234,2.9989560027693707
1ed_17b_3ea,3.2855429216433802,3.269430100080229,2.7535902337391813,2.999077994185962
5ed_17b_10ea,3.2720182443397317,3.2458948590582386,2.6997534379652257,3.001988565750904
3ed_6b_2ea,3.3745999566129496,3.3645278905370453,3.041966376511611,3.0036489264817043
7ed_24b_6ea,3.347542665237914,3.301375809524569,2.9487925472817014,3.004255748823166
7ed_14b_2ea,3.3850097020567484,3.444913888199551,3.074702457431199,3.0045320367197976
2ed_24b_7ea,3.3516143310469175,3.316474776157234,2.960196600676617,3.005103817051778
2ed_23b_1ea,3.1754891394336044,3.0978234087574408,2.3579910511294204,3.007512189231676
1ed_7b_3ea,3.267965301648293,3.2486160703626625,2.668783234094717,3.0081864886710377
1ed_5b_2ea,3.265985603438323,3.254670080730277,2.6553530216656562,3.0106046136563442
3ed_5b_2ea,3.3967860678192796,3.4556663435538506,3.09426749028654,3.011801483820272
3ed_14b_2ea,3.408644659017616,3.4650331248461077,3.1271985121997083,3.0143730027458577
6ed_6b_7ea,3.3547880365170393,3.3544250231494566,2.940331864880556,3.0160860103034723
1ed_14b_2ea,3.2735730987022578,3.2629776171186475,2.6640243072604055,3.016700573436503
5ed_17b_2ea,3.300672790825778,3.2946216596897417,2.750292228313508,3.0186240856212083
1ed_23b_3ea,3.3044550407926137,3.275562008816114,2.7629161186662836,3.0186830457266427
5ed_7b_2ea,3.279113457774503,3.268568294955922,2.6686683612556297,3.021757613387704
2ed_7b_2ea,3.3716636866993723,3.4188887315818697,2.9791858970194323,3.022620388022625
1ed_17b_11ea,3.331533460659399,3.306481665131001,2.8357690993149043,3.025396032618631
7ed_23b_3ea,3.3157653128791833,3.3133731136635,2.7824453137157596,3.0253996850809526
2ed_11b_2ea,3.358422496228341,3.411833463728341,2.9247965705666292,3.026073342475974
3ed_13b_2ea,3.388524769244762,3.4056488713469597,3.0263753058292733,3.026145103112934
TPA2_12b_1ea,3.1811918059915034,3.1283030275428327,2.3227872659550206,3.0270695909482805
7ed_24b_7ea,3.416439603409363,3.3775413451840715,3.1120510830905466,3.029270457383458
1ed_17b_10ea,3.3344002206556635,3.309305455183956,2.8340839578027297,3.029480139651655
5ed_23b_2ea,3.311338035242952,3.288767117699523,2.751940242920234,3.0309763392220956
6ed_23b_2ea,3.316386076644633,3.323853412473672,2.766738261540962,3.031791116171702
7ed_12b_1ea,3.228990037126786,3.209101330376367,2.4631945214783735,3.0346804484730403
2ed_23b_3ea,3.3271532749937704,3.320649011990328,2.79014615466772,3.036456399098724
1ed_23b_2ea,3.35942335362745,3.337631228621415,2.8826407710094575,3.0424198473601543
3ed_7b_3ea,3.412960349161698,3.456051601375256,3.0631574172017197,3.042598258833558
TPA2_7b_2ea,3.320293348839041,3.3128419825205135,2.7481588485570536,3.043202231659149
6ed_17b_11ea,3.375151076669012,3.3914904930185115,2.9275586789532255,3.0453844226902453
6ed_17b_10ea,3.3663547008481824,3.3790139631507428,2.8911766514897255,3.047768080756648
3ed_6b_6ea,3.400978480684114,3.3790139631507428,3.0067087462899256,3.0483187831876366
3ed_24b_6ea,3.3983686528651287,3.352520491138584,2.993425922309357,3.0499192501779375
1ed_12b_1ea,3.2854558689455464,3.265211591682716,2.609365867842487,3.0507416663730353
6ed_17b_2ea,3.4039660537428027,3.4556663435538506,2.991403922747825,3.0574382978897434
2ed_17b_3ea,3.423419436397196,3.466776878934881,3.0477234283474126,3.0608318946437283
2ed_23b_11ea,3.3924183466224234,3.384178254025349,2.933861952105591,3.064078179344746
7ed_6b_7ea,3.4324219511084206,3.4281517073274954,3.063233088086532,3.0661905502900524
7ed_7b_2ea,3.4414719382127283,3.4961985904007338,3.0906426910032856,3.06733533698167
5ed_12b_1ea,3.2189314003879033,3.1893740941316087,2.335606325097339,3.0682706174635457
2ed_23b_10ea,3.394647268006538,3.3851021103912755,2.928319173591754,3.068772875923402
1ed_17b_2ea,3.375151076669012,3.365349709757988,2.860166891307441,3.069574698800439
3ed_23b_3ea,3.3802114111259085,3.3748754941413863,2.876688908612523,3.069785565968317
7ed_23b_11ea,3.395948825265455,3.3863963570402493,2.922039669284165,3.0726065303921626
1ed_7b_2ea,3.3716636866993723,3.3615179843239757,2.832594924290543,3.0752392044904724
7ed_12b_3ea,3.421907867807567,3.47435347172157,3.0013233790570695,3.0756526822378354
7ed_23b_10ea,3.394740203294626,3.3830702918108426,2.9023423697627284,3.078210037660754
5ed_17b_6ea,3.3807643657163102,3.367634648861868,2.8416177877888678,3.0830454315695377
7ed_17b_3ea,3.4553774565497077,3.501035501884432,3.0815028679359546,3.0874924224598423
3ed_24b_7ea,3.482158815100893,3.444818185513469,3.1658413859717833,3.0897221501016396
2ed_23b_2ea,3.4195487123088304,3.4229469277795728,2.933445515974139,3.0971542605202105
3ed_23b_11ea,3.4440527554089213,3.4328020432352253,3.0118939860515623,3.098734370454842
7ed_23b_2ea,3.419077271506957,3.4258785855986416,2.924520646361859,3.0997856804344677
2ed_6b_7ea,3.4784469088235754,3.470269657610624,3.119959626754801,3.101686471217973
3ed_23b_10ea,3.4441484155693365,3.4312821795822352,2.995957268978299,3.1045709509793635
5ed_23b_6ea,3.4294790885787765,3.417569534099794,2.9232107170311137,3.1128799807678833
2ed_17b_11ea,3.4687164430385704,3.4789348653520418,3.053051222596155,3.1138939169113566
1ed_17b_6ea,3.4474998722682058,3.4341330288507486,2.9770401278628356,3.11542873189134
2ed_17b_10ea,3.4650331248461077,3.471532669048485,3.0215818364867393,3.120719613751211
3ed_7b_2ea,3.517721288106179,3.567412048843259,3.196939062204935,3.121719818670196
3ed_17b_3ea,3.5139332182538774,3.5547308260683663,3.170131034276948,3.1267451902026084
3ed_12b_3ea,3.4981712248072565,3.5462928389218904,3.116352737012888,3.126919458755264
5ed_23b_7ea,3.4895082427393502,3.4897046521752406,3.083341839211826,3.1282549426406003
1ed_23b_7ea,3.5160256161778096,3.512241195460779,3.15609140995553,3.134324137961349
7ed_17b_10ea,3.4848010399837794,3.4966915404022,3.0494472962089074,3.134708518125987
3ed_23b_2ea,3.4772763714453956,3.4810835014666304,3.017611102057403,3.1370038494565144
6ed_12b_3ea,3.4014449432380416,3.4360362282682004,2.755609578118243,3.139016926413767
7ed_17b_11ea,3.5078693995797003,3.523919387454326,3.104415677483985,3.142974395367631
6ed_23b_6ea,3.485976649679313,3.5059849413521493,2.9729003933287657,3.1636117935025774
5ed_17b_7ea,3.525622683624089,3.5305414101059966,3.0988298239595857,3.1665256009852625
3ed_17b_10ea,3.53961165236763,3.548220888938759,3.1385171835719157,3.1692574527077197
2ed_17b_2ea,3.5436578476721197,3.5849453700813214,3.140345322538186,3.173511882437502
6ed_17b_6ea,3.527829395025259,3.5599355594207287,3.083341839211826,3.1747631734373067
3ed_17b_11ea,3.5604466478807484,3.5725510791363284,3.189538169245128,3.1762297386614824
7ed_17b_2ea,3.5713163620213364,3.624979548213606,3.2086031000813238,3.182578345171656
6ed_23b_7ea,3.564028380252438,3.605899598864221,3.175814455262974,3.185502812025489
7ed_12b_2ea,3.558505292020399,3.6142025534332927,3.147519428514134,3.1889562472646107
1ed_17b_7ea,3.5745077949190787,3.577808165668614,3.1952914527209733,3.1912298227026383
2ed_12b_3ea,3.507968637709144,3.5399147964755717,2.966286520243591,3.19267628367293
5ed_12b_3ea,3.4629042506072056,3.4594262751295286,2.748524335714127,3.216149883950898
3ed_17b_2ea,3.6334771707370357,3.681809893575902,3.2993554374515823,3.225443885049147
1ed_12b_3ea,3.5307424659949556,3.533660351820775,2.9473206742190245,3.227123389036554
TPA2_12b_3ea,3.5063815011238217,3.5088620336099727,2.84657550115339,3.23372032464548
2ed_23b_6ea,3.604117872569185,3.6203227761450125,3.150398257259726,3.2432803198111397
3ed_12b_2ea,3.6495180682739154,3.6999366057690164,3.276514081272105,3.2531107244381623
7ed_17b_6ea,3.665917972084045,3.6982813506440038,3.278506567757993,3.2722991639931323
2ed_23b_7ea,3.6862975029949108,3.7184656912388765,3.343661194707909,3.2736454088692337
2ed_17b_6ea,3.6520977647260278,3.6755891452970957,3.227225240240034,3.273933782224602
7ed_23b_6ea,3.6263577061982457,3.637634223355516,3.136929226789011,3.2751062643953226
3ed_6b_7ea,3.729313546037378,3.707791627717095,3.4799111892274808,3.2769446416887584
6ed_12b_2ea,3.539005519885348,3.5679252864632214,2.817278034392303,3.283830587434811
1ed_12b_2ea,3.6395560729598717,3.652312904060052,3.1264100500666334,3.294900238583386
7ed_23b_7ea,3.7209204922953587,3.7536984744730533,3.3793823183098364,3.3028432928003273
5ed_12b_2ea,3.5952355872932102,3.6035941704662253,2.9475308518325325,3.3053196258320323
3ed_17b_6ea,3.7300988300015887,3.757338203919242,3.3757942776255803,3.315270452791407
3ed_23b_6ea,3.731108966893628,3.741127633300432,3.289901446120899,3.347327623356339
6ed_17b_7ea,3.746326940564453,3.7906479397695896,3.3325183532409586,3.3504994885361734
TPA2_12b_2ea,3.701372359205481,3.7162368629407143,3.083418510648833,3.38535500341999
2ed_12b_2ea,3.740901903814608,3.7717385145924935,3.195209116824954,3.3932025641023937
7ed_17b_7ea,3.8787473929663996,3.919946745668853,3.535574686523233,3.4383237036514114
3ed_17b_7ea,3.9261525316069665,3.9622839241330188,3.617365600097518,3.4664978175546253
2ed_17b_7ea,3.8975224078498454,3.9305082859687714,3.5113460782053245,3.4698067417735023
3ed_23b_7ea,4.033952809321801,4.046986795226593,3.7130098037412513,3.562997483341586
