Name,HOMO Donor,LUMO Donor,HOMO Backbone,LUMO Backbone,HOMO Acceptor,LUMO Acceptor,HOMO Anchor,LUMO Anchor
2ed_36b_5ea,55.39,7.94,42.5,78.71,1.85,5.86,8.74,39.38
16ed_33b_11ea,38.98,41.69,41.36,1.67,17.92,52.44,6.93,20.66
2ed_38b_4ea,22.93,2.84,71.99,91.85,4.95,5.26,5.3,13.01
9ed_19b_13ea,72.04,9.07,10.34,16.81,14.82,73.5,5.2,10.23
9ed_5b_13ea,66.01,10.68,11.37,17.18,20.12,71.62,7.38,8.25
5ed_16b_4ea,49.48,13.06,27.79,69.49,22.01,17.31,8.04,8.1
20ed_33b_13ea,31.08,0.44,55.95,27.07,8.69,72.43,3.06,8.1
16ed_33b_13ea,35.8,0.79,56.02,27.43,7.97,71.76,2.77,8.03
1ed_33b_13ea,53.46,0.44,40.46,27.68,5.82,71.87,2.03,7.95
6ed_25b_13ea,43.04,0.14,50.97,24.56,4.25,75.16,1.45,7.81
17ed_33b_13ea,12.69,0.36,71.77,29.82,15.46,69.8,5.54,7.79
9ed_3b_13ea,70.29,1.43,21.59,25.16,5.4,73.38,1.81,7.77
5ed_3b_13ea,67.2,1.08,24.67,24.99,6.93,73.9,2.44,7.74
3ed_3b_13ea,16.53,0.97,55.23,25.02,27.98,73.95,10.59,7.74
2ed_3b_13ea,23.97,0.95,52.34,25.13,23.54,73.88,8.86,7.72
20ed_3b_13ea,30.2,0.83,46.92,25.11,18.83,73.95,6.99,7.71
9ed_33b_13ea,77.93,0.85,17.29,29.99,1.5,69.13,0.47,7.71
10ed_3b_13ea,37.98,0.98,43.14,25.12,16.13,73.82,5.94,7.68
9ed_4b_13ea,66.97,12.31,11.39,28,19.08,59.5,6.93,7.67
9ed_2b_13ea,66.92,3.45,19.11,21.35,11.4,75.15,3.92,7.66
5ed_2b_13ea,62.5,2.75,21.61,22.51,14.82,74.69,5.45,7.61
16ed_24b_13ea,36.13,0.56,46.26,25.75,16.94,73.28,6.34,7.57
21ed_24b_13ea,2.99,0.43,59.01,25.59,37.3,73.56,14.31,7.55
7ed_3b_13ea,24.22,1.15,53.41,24.59,21.76,74.2,8.04,7.51
10ed_2b_13ea,35.51,2.65,33.97,22.56,28,74.61,10.63,7.5
6ed_3b_13ea,33.66,1.14,49.98,23.99,15.57,74.83,5.47,7.5
21ed_8b_13ea,7.81,3.76,38.75,26.15,53.13,69.89,20.16,7.47
9ed_7b_13ea,61.99,10.93,12.05,15.86,23.65,73.05,8.79,7.45
9ed_13b_13ea,64.88,6.75,15.57,18.41,17.08,74.74,6.14,7.44
19ed_20b_13ea,12.62,6.36,29.89,29.65,56.96,62.96,21.8,7.43
2ed_2b_13ea,21.22,2.94,41.2,22.98,37.45,74.02,14.4,7.42
14ed_33b_13ea,93.65,0.62,0.64,31.87,0.05,67.44,0.02,7.41
6ed_24b_13ea,39.02,0.63,46.58,25.19,12.73,73.76,4.61,7.39
1ed_20b_13ea,37.57,9.1,24.76,26.14,37.32,63.99,13.7,7.37
14ed_1b_13ea,93.65,6.88,0.34,34.35,0.37,58.64,0.13,7.36
17ed_20b_13ea,24.98,8.16,26.53,30.01,48.11,60.86,18.22,7.35
9ed_17b_13ea,59.44,10.35,12.68,13.79,25.68,75.72,9.53,7.34
16ed_2b_13ea,28.94,3.27,38.22,23.12,32.69,73.55,12.5,7.34
6ed_32b_13ea,32.04,2.87,49.88,35.45,17.35,61.62,6.3,7.24
13ed_6b_13ea,43.64,4.2,29.01,22.93,27.18,72.7,10.23,7.23
20ed_8b_13ea,20.99,6.47,31.82,26.52,44.51,66.17,16.75,7.19
7ed_32b_13ea,18.85,2.25,58.24,36.5,22.5,61.2,8.23,7.08
10ed_1b_13ea,31.22,9.47,26.08,29.92,40.67,59.98,14.73,7.06
11ed_20b_13ea,53.03,15.8,17.49,28.17,27.83,55.18,9.99,7.05
10ed_8b_13ea,25.32,8.09,29.26,27.29,43.69,64,16.65,7.03
11ed_1b_13ea,56.12,15.76,16.51,31.89,25.6,52.22,9.01,7.02
20ed_20b_13ea,24.54,8.21,27.72,27.07,44.36,62.98,16.47,7.01
9ed_22b_13ea,65.63,14.03,11.83,29.32,20.03,56.35,7.39,7
6ed_2b_13ea,27.14,3.39,39.77,22.97,32.5,73.55,12.27,6.98
11ed_6b_13ea,57.26,4.93,22.66,21.72,18.28,73.12,6.69,6.98
21ed_31b_13ea,5.75,1.07,64.83,39.33,29.2,59.56,10.75,6.97
11ed_11b_13ea,60.88,10.43,13.52,17.85,23.47,71.29,8.63,6.94
10ed_20b_13ea,30.07,8.8,27.13,26.25,40.53,63.6,14.63,6.93
9ed_20b_13ea,48.8,16.29,18.85,28.19,30.58,54.54,10.96,6.92
13ed_10b_13ea,38.72,4.49,31.33,21.62,29.8,73.71,11.18,6.9
9ed_1b_13ea,49.05,18.01,17.93,31.72,31.3,50,11.42,6.88
11ed_10b_13ea,54.67,5.21,23.43,21.6,20.24,72.99,7.41,6.87
14ed_9b_13ea,93.68,5.09,0.33,25.24,0.34,69.5,0.11,6.86
2ed_31b_13ea,20.6,2.68,57.48,40.13,21.79,57.16,7.98,6.86
3ed_31b_13ea,13.93,2.35,61.24,40.19,24.67,57.41,9.09,6.85
16ed_31b_13ea,28.35,2.94,52.62,39.94,18.87,57.08,6.85,6.84
21ed_9b_13ea,5.39,3.24,37.85,26.49,56.56,70.09,21.12,6.81
9ed_6b_13ea,51.92,5.19,25.27,22.2,20.98,72.34,7.6,6.81
19ed_9b_13ea,7.99,6.11,33.42,28.46,58.4,65.25,22.83,6.8
1ed_9b_13ea,24.17,6.52,32.63,25.52,43,67.78,15.71,6.79
20ed_1b_13ea,22.41,9.5,24.82,35,49.91,54.28,19.18,6.79
1ed_10b_13ea,28.38,3.37,35.78,21.73,35.67,74.72,13.54,6.78
5ed_6b_13ea,46.06,3.46,28.4,22.22,24.77,74.09,9.22,6.73
7ed_31b_13ea,17.2,2.72,59.32,39.94,23.11,57.27,8.47,6.73
13ed_20b_13ea,40.47,14.25,20.74,32.9,38.55,52.3,14.55,6.72
21ed_6b_13ea,8.48,2.54,44.42,22.56,46.76,74.59,18,6.71
9ed_10b_13ea,49.43,5.45,25.72,22.06,23.16,72.26,8.41,6.7
20ed_6b_13ea,19.68,2.93,38.85,23.46,38.94,73.09,15,6.69
13ed_9b_13ea,34.54,11.69,23.5,27.84,41.72,60.25,15.93,6.65
2ed_6b_13ea,16.71,2.87,42.7,22.74,40.46,74.15,15.47,6.64
5ed_10b_13ea,41.29,3.52,29.28,23.17,28.77,73.11,10.88,6.64
5ed_1b_13ea,41.7,11.38,20.4,35.25,37.33,53.27,14.04,6.64
10ed_6b_13ea,25.5,3.21,37.26,22.42,35.5,73.99,13.47,6.63
16ed_6b_13ea,23.12,3.04,40.29,22.68,36.43,74.04,13.86,6.63
7ed_33b_13ea,11.18,1.83,71.25,45.21,16.73,52.65,5.95,6.61
11ed_9b_13ea,46.08,13.54,18.94,27.67,33.48,58.5,12.59,6.6
21ed_10b_13ea,8.3,2.68,43.22,22.54,48.15,74.54,18.54,6.57
2ed_8b_13ea,15.9,7.65,33.83,28.75,50.18,63.44,18.97,6.56
20ed_10b_13ea,19.02,2.88,38.83,22.36,39.74,74.3,15.13,6.55
10ed_10b_13ea,23.98,3.38,37.41,22.35,36.99,73.93,14.04,6.5
6ed_13b_13ea,24.27,5.52,31.15,20.61,44.07,73.74,17.16,6.5
16ed_20b_13ea,25.65,8.39,28.63,26.53,45.36,64.26,16.39,6.47
5ed_9b_13ea,30.54,7.19,28.02,28.14,40.94,64.47,14.76,6.47
5ed_20b_13ea,37.69,11.65,20.61,30.58,41.03,56.72,15.74,6.46
2ed_10b_13ea,16.08,3.09,41.69,22.88,42.11,73.83,16.12,6.45
20ed_9b_13ea,16.02,6.27,32.84,28.45,49.22,64.55,17.99,6.42
6ed_31b_13ea,27.66,3.23,53.51,40.9,18.21,55.8,6.48,6.42
3ed_10b_13ea,12.07,3.05,41.81,22.65,45.87,73.99,17.66,6.38
10ed_9b_13ea,20.74,7.23,32.78,25.82,45.2,66.45,16.68,6.38
16ed_8b_13ea,19.24,8.59,32.14,29.44,48.53,61.79,18.34,6.37
9ed_9b_13ea,40.29,15.76,19.46,28.16,38.7,55.64,14.82,6.35
16ed_10b_13ea,20.32,3.72,38.85,24.19,40.69,71.89,15.71,6.31
6ed_33b_13ea,17.48,2.11,67.6,46.14,13.87,51.42,4.8,6.3
7ed_6b_13ea,15.55,3.51,41.12,23.29,42.9,72.83,16.49,6.23
3ed_8b_13ea,12.14,7.41,32.51,31.04,55.19,61.27,21.42,6.22
6ed_6b_13ea,21.65,3.64,40.35,23.86,37.49,72.19,14.23,6.19
7ed_10b_13ea,14.83,3.59,40.55,23.17,44.22,72.92,17,6.1
5ed_16b_5ea,50.81,11.12,28.97,76.99,19.34,10.95,9.59,6.06
11ed_16b_5ea,56.94,16.32,24.67,71.68,16.81,11.11,8.34,6.06
2ed_9b_13ea,14.19,8.88,33.53,28.8,52.2,62.2,19.17,6.06
9ed_16b_5ea,51.77,17.04,27.56,70.99,18.94,10.98,9.44,6.02
6ed_10b_13ea,20.13,3.9,39.44,23.95,39.98,71.91,15.2,5.99
2ed_1b_13ea,17.23,10.71,27.98,36.37,54.71,52.75,21.08,5.98
6ed_8b_13ea,18.24,8.95,31.03,30.02,50.37,60.78,19.2,5.96
7ed_8b_13ea,14.13,7.89,32.56,30.89,53.01,60.85,20.4,5.96
16ed_1b_13ea,22.48,11.59,26.18,36.07,51.24,52.18,19.74,5.9
2ed_20b_13ea,17.45,9.69,28.81,32.55,53.38,56.58,20.5,5.84
10ed_16b_5ea,36.95,10.19,36.06,77.86,24.33,10.38,12.07,5.78
16ed_9b_13ea,16.61,10.4,31.23,29.3,52.03,60.18,19.81,5.59
1ed_16b_4ea,43.81,12.19,31.2,70,24.84,17.76,8.81,5.59
14ed_29b_13ea,63.83,3.32,20.49,57.46,12.07,39.18,4.42,5.47
17ed_16b_12ea,26.48,10.37,29.49,67.19,43.9,22.37,12.75,5.46
6ed_9b_13ea,15.76,10.77,30.4,29.5,53.54,59.49,19.99,5.41
19ed_16b_12ea,14.06,8.52,33.45,68.51,52.2,22.77,14.81,5.4
5ed_29b_1ea,38.77,4.03,54.61,85.7,6.03,10.2,2.12,5.34
6ed_1b_13ea,19.59,12.39,25.88,36.84,54.15,50.47,21.09,5.31
14ed_16b_12ea,93.33,8.8,0.52,68.7,0.57,22.38,0.17,5.31
20ed_16b_4ea,29.64,10.55,36.52,71.24,30,16.86,10.77,5.29
21ed_29b_13ea,6.35,4.33,56.02,56.94,37.51,38.65,14.2,5.24
3ed_1b_13ea,12.39,10.25,27.25,39.83,60.34,49.89,23.39,5.21
10ed_16b_4ea,34.81,12.08,34.52,70.62,28.34,16.45,10.2,5.16
13ed_16b_5ea,48.25,15.1,30.52,73.5,20.84,10.22,10.41,5.15
6ed_20b_13ea,18.82,11.65,25.89,32.74,54.75,54.31,21.51,5.12
11ed_16b_4ea,56.68,18.82,23.03,64.94,18.68,16.1,6.63,5.11
3ed_20b_13ea,11.59,10.03,26.21,33.2,61.96,55.61,24.61,5.1
20ed_16b_12ea,21.6,11.22,29.89,69.56,45.74,17.79,14.65,5.08
9ed_16b_4ea,50.8,19.84,26.09,63.99,21.47,15.88,7.68,5.03
3ed_9b_13ea,10.1,10.02,28.97,32.41,60.74,57.19,23.85,5.01
1ed_16b_12ea,32.2,12.23,27.53,67.17,40.1,20.52,12.15,4.91
20ed_29b_13ea,10.81,4.23,52.47,59,35.28,36.22,13.17,4.91
13ed_16b_12ea,38.9,17.12,24.69,63.79,36.26,19.03,11.14,4.86
11ed_16b_12ea,46.69,18.8,21.69,62.38,30.37,18.66,9.51,4.85
7ed_20b_13ea,14.2,10.75,26.12,33.92,59.13,53.91,23.25,4.83
7ed_1b_13ea,14.5,11.46,26.13,40.15,59.11,48.18,23.04,4.82
2ed_16b_5ea,26.31,10.54,44.36,79.73,28.91,8.19,14.63,4.68
5ed_16b_12ea,37.74,13.4,25.38,66.97,36.33,19.5,11.31,4.67
7ed_9b_13ea,10.98,11.39,27.75,32.24,61.02,55.94,24.17,4.63
5ed_29b_13ea,20.82,5.31,48.84,60.75,30.06,33.89,11.01,4.63
13ed_16b_4ea,50.79,16.82,27.03,67.66,22.02,15.49,7.62,4.57
10ed_29b_13ea,14.46,5.35,50.6,61.39,33.98,32.91,12.47,4.51
10ed_16b_12ea,25.83,12.54,29.11,67.75,43.33,18.83,13.51,4.49
13ed_16b_1ea,59.46,16.53,27.02,69.48,13.33,13.95,4.34,4.48
7ed_29b_13ea,8.39,4.46,53.48,62.15,37.95,33.29,14.28,4.44
11ed_16b_9ea,59.39,17.06,24.07,72.72,14.39,9.67,6.65,4.4
16ed_29b_13ea,11.13,5.86,54.48,61.17,34.24,32.83,12.73,4.34
3ed_29b_13ea,6.98,3.74,56.05,64.15,36.92,32.08,13.81,4.34
9ed_16b_1ea,57.93,19.3,26.72,66.97,13.4,13.46,4.39,4.33
14ed_28b_12ea,90.47,3.28,3.16,80.96,0.97,15.72,0.31,4.33
2ed_29b_13ea,9.3,5.53,55.39,62.04,35.22,32.34,13.13,4.33
11ed_16b_1ea,63.77,18.32,22.98,68.12,11.34,13.43,3.69,4.31
17ed_36b_5ea,43.94,8.91,34.55,82.03,21.21,8.18,10.31,4.23
6ed_16b_5ea,31.8,12.43,40.82,77.67,26.54,8.76,13.09,4.22
19ed_36b_5ea,19.25,9.24,49.5,81.66,30.8,8.15,14.96,4.21
10ed_29b_4ea,21.28,4.37,64.95,81.29,12.3,14.06,4.06,4.2
5ed_29b_4ea,32.81,4.82,56.31,81.13,10.41,14,3.42,4.18
2ed_16b_4ea,24.25,12.66,42.24,72.67,33.4,14.33,11.95,4.17
16ed_16b_5ea,31.7,11.6,41.72,78.05,26.18,8.85,12.96,4.14
13ed_16b_9ea,47.1,15.01,27.65,70.24,24.94,14.6,6.94,4.11
21ed_28b_4ea,9.25,3.07,76.69,83.04,13.71,13.76,4.52,4.11
14ed_36b_5ea,93.86,8.63,0.32,82.48,0.14,7.88,0.07,4.09
13ed_36b_5ea,54.37,15,27.58,76.41,17.72,7.91,8.7,4.09
6ed_31b_4ea,35.15,3.83,57.85,82.32,6.19,13.74,1.81,4.08
16ed_29b_4ea,17.13,6.1,68.64,79.96,14.09,13.8,4.88,4.08
16ed_16b_4ea,29.01,13.85,39.36,71.67,31.5,14.11,11.34,4.08
1ed_29b_4ea,24.58,4.38,63.46,82.02,11.85,13.57,3.9,4.06
21ed_29b_4ea,9.31,3.13,75.81,83.13,14.52,13.57,4.99,4.05
9ed_29b_12ea,33.37,7.04,50.75,77.8,14.9,15.07,4.95,4.05
5ed_28b_4ea,39.03,4.54,51.48,82.19,8.87,13.22,3.05,4.02
6ed_29b_13ea,10.59,6.26,53.89,62.85,35.3,30.75,13.08,4.02
9ed_29b_4ea,40.08,6.56,49.76,79.98,8.9,13.37,2.91,4
16ed_28b_12ea,16.49,5.31,62.72,80.08,20.67,14.53,6.66,3.98
10ed_28b_4ea,22.67,4.45,64.42,82.22,11.36,13.05,3.73,3.9
10ed_29b_1ea,22.63,4.28,67.25,83.45,8.53,11.96,2.7,3.89
11ed_29b_4ea,41.89,6.42,48.44,80.55,8.61,12.98,2.81,3.89
17ed_28b_4ea,15.25,3.42,71.84,83.59,12.81,12.95,4.19,3.88
1ed_36b_5ea,52.32,11,29.48,80.68,17.88,7.49,8.72,3.88
9ed_36b_5ea,51.44,17.6,28.65,74.04,18.15,7.47,8.96,3.88
21ed_28b_1ea,9.48,3.3,80.89,84.66,9.27,11.9,2.88,3.86
21ed_28b_12ea,8.07,3.1,69.77,81.82,21.85,14.93,6.51,3.85
2ed_16b_13ea,12.5,15.72,27.1,56.96,60.35,27.1,23.98,3.81
3ed_29b_4ea,11.67,4.47,72.99,82.59,15.09,12.75,5.22,3.8
9ed_16b_9ea,47.29,17.32,26.62,66.85,24.55,15.5,6.46,3.77
7ed_29b_4ea,14.12,5.17,71.38,81.96,14.11,12.66,4.69,3.77
16ed_28b_4ea,22.14,4.63,66.56,82.69,11.15,12.59,3.66,3.76
9ed_16b_3ea,61.03,19.77,26.86,71.29,9.98,8.67,4.81,3.75
21ed_29b_12ea,8.73,3.92,68.29,81.38,22.74,14.55,7.24,3.72
2ed_28b_4ea,16.13,4.5,71.14,82.98,12.62,12.45,4.15,3.72
20ed_29b_4ea,16.69,3.83,68.06,83.29,13.03,12.39,4.47,3.7
6ed_28b_4ea,19.57,5.61,67.54,82.03,12.48,12.2,4.34,3.69
2ed_16b_12ea,17.02,13.3,33.01,70.94,49.89,15.43,15.77,3.69
21ed_29b_1ea,10.09,3.02,80.09,85.59,9.44,11.21,2.99,3.68
1ed_28b_12ea,22.59,4.43,58.99,81.39,18.27,14.13,5.4,3.67
5ed_36b_5ea,59.26,12.38,24.88,79.69,14.76,7.06,7.23,3.67
9ed_29b_1ea,41.97,6.82,50.55,81.83,6.16,11.25,1.94,3.65
19ed_29b_4ea,7.95,3.13,76.3,84.63,15.59,12.17,5.35,3.65
20ed_36b_5ea,34.03,10.9,37.76,80.36,23.43,7.01,11.45,3.64
11ed_28b_4ea,46.6,6.79,44.74,81,7.42,12.15,2.41,3.64
10ed_28b_1ea,24.28,4.51,66.58,84.04,7.44,11.15,2.35,3.63
10ed_4b_5ea,39.6,7.69,46.94,85.23,10.67,6.11,5,3.63
14ed_29b_4ea,75.95,3.34,16.72,84.56,3.01,12.04,1,3.62
3ed_28b_4ea,13.66,4.16,73.06,83.64,13.03,12.02,4.28,3.6
2ed_29b_1ea,15.64,4.87,74.82,84.05,9.39,10.98,2.98,3.57
7ed_28b_4ea,16.32,5.14,70.67,82.76,12.61,11.9,4.16,3.56
9ed_28b_12ea,39.33,7.18,46.57,79.03,12.86,13.67,3.83,3.56
7ed_29b_1ea,15.31,5.26,74.49,83.64,9.8,10.9,3.12,3.55
2ed_28b_12ea,15.18,4.35,65.4,81.79,19.29,13.74,5.75,3.55
16ed_16b_13ea,15.91,15.44,27.03,57.14,56.94,27.19,22.1,3.54
10ed_36b_5ea,40.25,12.52,35.14,79.28,21.6,6.81,10.57,3.53
11ed_29b_1ea,42.68,6.27,50.32,82.84,5.97,10.84,1.87,3.52
10ed_28b_12ea,18.53,4.68,59.99,82.22,20.22,12.81,6.51,3.52
6ed_16b_4ea,27.07,14.81,39.41,72.28,32.98,12.43,12,3.51
6ed_28b_1ea,21.94,5.24,69.87,83.77,7.69,10.82,2.4,3.51
13ed_28b_12ea,26.85,5.97,54.7,81.38,18.35,12.62,5.84,3.51
3ed_29b_1ea,12.65,4.25,77.06,84.78,10.01,10.77,3.18,3.5
14ed_29b_12ea,57.03,3.57,29.86,82.72,9.97,13.66,3.18,3.5
17ed_29b_4ea,14.03,4.09,72.14,84.27,13.78,11.62,4.59,3.5
16ed_36b_5ea,45.76,10.58,33.41,81.84,20.51,6.82,10.01,3.5
19ed_29b_12ea,6.74,3.19,68.28,83.22,24.8,13.51,7.87,3.48
17ed_29b_12ea,11.5,4.24,65.5,82.29,22.91,13.44,7.28,3.47
11ed_16b_6ea,66.83,16.13,23.19,76.67,8,7.08,3.72,3.45
9ed_16b_6ea,60.22,16.93,28.07,75.8,9.76,7.03,4.56,3.44
1ed_29b_12ea,19.57,4.59,60.69,82.04,19.62,13.34,6.28,3.43
3ed_28b_12ea,11.24,4.45,66.78,82.04,21.73,13.29,6.47,3.43
20ed_29b_12ea,14.58,3.95,63.36,82.12,20.09,13.42,6.47,3.42
5ed_29b_12ea,27.47,4.94,55.33,81.64,16.79,13.37,5.4,3.42
13ed_29b_4ea,28.91,5.81,60.22,82.81,10.76,11.35,3.56,3.42
2ed_28b_1ea,17.49,4.3,74.17,85.1,8.21,10.53,2.54,3.41
3ed_29b_12ea,9.65,3.68,67.22,82.93,23.07,13.37,7.61,3.41
10ed_29b_12ea,18.08,4.58,61.48,81.76,19.17,13.34,6.18,3.4
2ed_29b_4ea,14.27,5.09,72.23,83.53,13.36,11.29,4.47,3.39
6ed_28b_12ea,16.64,5.89,63.66,80.73,19.33,13.22,5.84,3.39
21ed_29b_5ea,10.07,3.49,76.74,89.44,12.84,6.47,6.42,3.38
6ed_29b_4ea,16.8,5.64,69.88,82.93,12.95,11.29,4.34,3.38
11ed_29b_12ea,35.23,6.8,49.3,80.14,14.6,13.01,4.67,3.36
9ed_16b_2ea,60.37,18.59,27.93,73.42,9.67,7.75,4.62,3.35
7ed_28b_12ea,13.61,5.43,65.26,81.33,20.77,13.01,6.24,3.35
7ed_28b_1ea,17.65,4.97,73.64,84.59,8.27,10.24,2.59,3.32
1ed_28b_5ea,24.31,3.64,65.28,89.64,10.18,6.38,5.06,3.31
16ed_16b_12ea,19.97,13.79,32.03,69.22,47.86,16.64,14.79,3.31
14ed_28b_4ea,90.77,3.01,3.36,85.81,0.51,11.11,0.16,3.31
7ed_16b_13ea,12.93,14.81,26.22,60.87,60.62,23.82,24.17,3.26
14ed_29b_1ea,68.73,3.41,24.49,86.58,2.92,9.97,0.92,3.25
9ed_16b_11ea,57.46,18.24,27.39,73.81,13.28,7.71,4.59,3.24
16ed_29b_12ea,14.96,5.6,64.43,81.44,20.39,12.75,6.57,3.24
11ed_16b_11ea,63.14,17.36,23.6,74.78,11.44,7.75,3.93,3.24
20ed_28b_4ea,18.02,3.84,67.59,84.81,12.06,10.89,3.97,3.24
6ed_29b_1ea,18.07,5.56,72.73,84.43,8.79,9.86,2.8,3.23
11ed_28b_5ea,39.6,5.99,51.6,87.41,7.82,6.26,3.89,3.23
9ed_36b_9ea,53.83,18.15,29.25,74.71,14.66,6.58,6.78,3.21
10ed_28b_5ea,20.78,4.1,67.08,89.2,10.61,6.14,5.29,3.2
19ed_28b_4ea,7.87,2.92,76.94,86.3,15.02,10.72,4.96,3.19
16ed_29b_1ea,18.91,5.16,72.44,84.94,8.44,9.7,2.67,3.17
1ed_28b_4ea,25.48,4.35,63.11,84.97,11.27,10.65,3.7,3.17
19ed_28b_12ea,6.55,2.9,67.98,84.95,25.3,12.07,7.47,3.14
11ed_30b_12ea,69.83,5.37,23.52,82.28,4.21,12.3,1.2,3.13
17ed_28b_12ea,11.29,3.81,65.41,84.17,23.2,11.97,6.86,3.12
6ed_29b_12ea,14.67,5.9,64.67,81.64,20.31,12.31,6.61,3.11
20ed_28b_12ea,15.56,3.94,62.53,83.58,19.85,11.98,5.99,3.1
5ed_28b_12ea,30.62,4.93,52.98,83.03,15.93,11.98,4.79,3.1
16ed_28b_5ea,20.82,3.87,68.71,89.79,10.23,5.93,5.09,3.08
13ed_29b_1ea,30.31,6.05,62.33,84.48,7.24,9.44,2.28,3.07
3ed_16b_5ea,17.95,10.59,45.12,83.83,36.39,4.43,18.65,3.06
21ed_28b_3ea,10.52,3.1,82.29,90.65,6.8,6.12,3.25,3.06
6ed_36b_5ea,39.52,12.23,36.39,80.95,22.94,5.95,11.24,3.06
20ed_28b_1ea,20.92,3.38,69.08,86.65,7.32,9.56,2.21,3.05
7ed_29b_12ea,11.62,4.09,66.17,83.82,21.92,11.98,7.11,3.04
3ed_28b_5ea,12.63,3.85,74.6,89.86,12.39,5.79,6.16,3.02
19ed_29b_1ea,8.72,3.03,80.99,87.56,10.12,9.34,3.2,3.02
6ed_16b_13ea,14.37,17.43,25.1,58.17,60.29,23.99,24.07,3.02
11ed_28b_12ea,40.39,7.04,45.47,81.35,13.1,11.55,3.92,3.02
17ed_29b_1ea,15.01,4.04,75.67,86.63,9.26,9.3,2.92,3.01
13ed_29b_12ea,24.06,5.82,56.43,82.95,19.41,11.21,6.11,3.01
5ed_28b_1ea,40.31,4.26,53.56,86.24,5.49,9.45,1.64,3
14ed_28b_1ea,91.34,2.94,2.91,87.56,0.29,9.45,0.09,3
5ed_29b_5ea,32.08,3.82,58.74,90.13,8.6,5.68,4.52,2.94
21ed_28b_5ea,8.58,2.86,78.18,91.18,12.82,5.58,6.37,2.93
6ed_16b_12ea,18.48,15.53,31.53,70.83,49.63,13.18,16.3,2.93
10ed_36b_9ea,42.4,12.67,35.76,80.23,18.16,6.01,8.36,2.93
10ed_28b_3ea,25.8,4.47,66.86,89.41,5.57,5.84,2.67,2.92
17ed_28b_3ea,17.16,3.88,76.45,90.21,6.3,5.88,3,2.92
19ed_28b_5ea,7.41,2.81,78.21,91.32,14.13,5.56,6.98,2.89
17ed_28b_5ea,11.59,3.75,75.07,90.43,13.18,5.56,6.51,2.89
13ed_30b_12ea,59.93,4.47,32.69,84.81,7.13,10.69,2.15,2.89
14ed_28b_5ea,32.9,3.1,55.77,91.1,9.68,5.52,4.79,2.88
16ed_28b_1ea,22.68,4.56,69.8,86.32,7.35,9.01,2.24,2.88
1ed_28b_1ea,26.43,3.96,66.19,86.92,7.23,9.07,2.17,2.88
10ed_29b_3ea,24.13,4.29,67.69,89.6,6.5,5.83,3.09,2.87
13ed_28b_5ea,26.55,5.59,63.07,88.65,10.21,5.5,5.06,2.86
2ed_30b_4ea,24.61,3.95,65.21,86.67,10.02,9.26,3.46,2.83
17ed_29b_5ea,12.2,4.05,74.48,90.12,13.14,5.41,6.55,2.82
20ed_28b_5ea,16.22,3.45,70.19,90.51,11.46,5.39,5.7,2.82
19ed_29b_5ea,7.65,3,77.98,91.14,14.08,5.4,7.01,2.81
5ed_28b_5ea,34.34,3.84,56.5,90.69,8.55,5.15,4.54,2.8
2ed_28b_3ea,18.51,4.4,75.2,89.93,6.16,5.61,2.95,2.8
21ed_41b_13ea,3.94,1.76,65.6,78.18,29.45,19.84,10.63,2.8
16ed_28b_3ea,22.54,4.97,71.41,89.34,5.91,5.6,2.83,2.79
17ed_28b_1ea,14.79,3.77,76.36,87.32,8.73,8.87,2.59,2.79
7ed_16b_5ea,20.29,11.65,43.65,83.17,35.18,3.9,18.23,2.78
2ed_28b_5ea,16.4,3.58,72.19,90.78,11.21,5.32,5.57,2.78
17ed_36b_9ea,35,8.66,33.66,80.08,30.96,11.03,9.22,2.77
6ed_28b_3ea,23.59,5.24,70.1,89.1,5.79,5.49,2.78,2.75
13ed_28b_1ea,34.72,5.64,58.82,85.64,6.31,8.69,1.88,2.74
10ed_36b_12ea,32.42,13.41,30.4,73.62,34.93,12.12,9.69,2.74
20ed_29b_5ea,15.58,3.43,70.61,90.54,11.63,5.2,5.83,2.73
9ed_29b_5ea,34.58,5.96,55.87,88.02,8.48,5.66,4.05,2.73
1ed_29b_5ea,21.06,3.9,67.69,90.13,11.04,5.66,5.29,2.73
11ed_29b_5ea,34.37,5.85,56.12,88.15,8.7,5.69,4.16,2.73
11ed_28b_1ea,46.96,6.69,46.94,84.64,4.87,8.61,1.45,2.72
10ed_29b_5ea,19.25,3.8,68.31,90.11,10.97,5.55,5.26,2.7
20ed_30b_4ea,30.39,3.47,57.65,87.13,7.94,9.04,2.54,2.68
10ed_30b_4ea,37.89,4.08,52.51,86.66,6.89,9.02,2.19,2.67
6ed_28b_5ea,19.89,4.69,69.16,89.86,10.42,5.06,5.21,2.66
5ed_30b_4ea,62.63,4.16,32.51,86.81,3.76,8.98,1.18,2.66
21ed_30b_12ea,9.54,2.69,68.46,86.53,21.47,10.66,6.19,2.64
6ed_29b_3ea,19.26,5.59,73.08,88.98,7.24,5.3,3.45,2.63
6ed_30b_4ea,30.02,5.17,61.14,85.81,8.15,8.84,2.61,2.62
5ed_41b_13ea,40.29,4.36,45.65,77.56,12.88,17.84,4.33,2.61
13ed_36b_9ea,49.68,14.56,26.88,74.81,23.16,10.54,6.42,2.6
1ed_30b_4ea,49.34,3.73,44.45,87.52,5.97,8.73,1.9,2.58
21ed_29b_9ea,8.86,2.8,74.9,87.78,15.81,9.16,4.02,2.57
16ed_30b_4ea,35.17,4.5,57.05,86.69,7.57,8.7,2.42,2.57
10ed_41b_13ea,25.01,4.14,52.61,78.64,20.04,16.74,7.4,2.57
3ed_16b_12ea,11.78,12.31,31.38,78.35,56.79,9.28,18.27,2.56
1ed_36b_9ea,46.73,10.66,28.65,78.84,24.28,10.28,6.84,2.56
7ed_28b_5ea,15.03,4.76,72.43,89.92,12.03,4.86,5.99,2.55
9ed_30b_4ea,66.15,5.38,28.22,85.93,3.06,8.62,0.96,2.55
11ed_36b_9ea,53.8,16.68,24.39,72.89,20.31,10.26,5.53,2.55
2ed_29b_5ea,14.42,4.24,73.44,90.19,11.87,5.22,5.7,2.53
3ed_33b_1ea,19.12,1.35,78.42,90.8,2.18,7.79,0.5,2.53
10ed_30b_12ea,34.27,3.92,51.23,85.63,11.94,10.21,3.43,2.53
20ed_30b_12ea,27.36,3.31,55.22,86.11,13.62,10.19,3.92,2.53
5ed_30b_12ea,58.91,3.98,33.54,85.79,6.51,10.16,1.86,2.52
16ed_9b_11ea,1.99,25.45,43.65,57.18,54.26,17.11,3.74,2.5
6ed_30b_5ea,26.78,5.23,63.61,89.65,8.94,4.75,4.45,2.5
13ed_30b_4ea,64.9,4.53,31.07,87.02,3.8,8.43,1.2,2.49
20ed_29b_9ea,16.41,3.4,68.03,87.28,13.33,8.81,3.41,2.48
11ed_30b_4ea,71.68,5.28,23.26,86.29,2.54,8.39,0.79,2.48
3ed_29b_5ea,11.68,3.83,75.2,90.62,12.69,5.1,6.09,2.47
7ed_30b_4ea,24.24,4.9,65.61,86.56,9.54,8.33,3.06,2.47
6ed_29b_5ea,17.65,5.08,70.64,89.48,11.16,5.03,5.36,2.46
10ed_28b_2ea,24.19,4.22,68.66,90.7,5.46,4.82,2.7,2.46
5ed_28b_3ea,42.29,4.06,52.94,90.33,4.11,5.56,1.95,2.45
9ed_30b_5ea,61.42,4.83,32.63,90.23,3.68,4.7,1.83,2.45
11ed_30b_5ea,65.26,4.82,29.27,90.26,3.41,4.72,1.69,2.45
20ed_30b_5ea,26.39,2.93,61.27,91.88,8.8,4.67,4.36,2.44
6ed_41b_13ea,25.96,4.59,56.39,77.9,16.33,17.13,5.56,2.44
11ed_16b_7ea,62.24,14.51,27.2,79.4,8.98,5.97,3.7,2.43
2ed_30b_12ea,22.12,3.96,61.21,86.15,16.38,9.76,4.71,2.43
7ed_29b_5ea,14.2,4.77,73.08,89.8,12.17,4.97,5.85,2.42
2ed_28b_2ea,19.68,3.64,74.6,91.51,5.58,4.76,2.76,2.42
20ed_28b_3ea,22.48,3.51,69.17,91.13,5.48,4.95,2.63,2.42
14ed_28b_3ea,92.54,3.29,1.77,91.72,0.13,4.95,0.06,2.42
6ed_36b_9ea,40.7,12.67,38.21,82.11,19.39,4.71,8.94,2.42
9ed_16b_7ea,58.35,15.46,30.05,78.41,9.79,5.9,4.1,2.41
21ed_29b_3ea,10.66,4.26,81.74,90.68,7.38,4.95,3.5,2.41
10ed_30b_5ea,32.9,3.69,56.85,91.3,7.87,4.62,3.9,2.41
19ed_28b_3ea,9.24,2.95,83.57,92.04,7,4.94,3.35,2.41
14ed_29b_3ea,88.14,3.46,6.12,91.59,0.52,4.92,0.25,2.4
16ed_30b_12ea,31.79,4.28,54.78,85.98,13.14,9.61,3.78,2.39
19ed_29b_3ea,9.45,3.1,82.84,91.93,7.53,4.91,3.56,2.38
16ed_30b_5ea,33.24,3.78,58.52,91.37,8,4.55,3.96,2.38
20ed_36b_9ea,30.45,10.61,35.22,78.77,30.02,9.47,8.51,2.38
10ed_29b_2ea,22.67,4,69.43,90.97,6.3,4.75,3.08,2.37
11ed_28b_3ea,48.82,6.75,46.23,87.85,3.66,5.34,1.74,2.37
20ed_29b_3ea,19.65,3.74,71.33,90.96,6.4,4.83,3.04,2.36
9ed_29b_3ea,41.98,6.32,52.02,88.17,4.7,5.43,2.21,2.36
1ed_29b_3ea,26.95,4.15,66.81,90.4,6.13,5.43,2.89,2.36
6ed_30b_1ea,32.92,4.85,61.18,87.34,5.12,7.64,1.45,2.36
10ed_30b_1ea,38.89,3.46,53.81,88.6,4.47,7.7,1.25,2.36
5ed_29b_9ea,26.74,4.18,60.79,87.14,12.04,8.56,3.03,2.35
5ed_29b_3ea,35.59,4.48,58.62,89.95,5.28,5.53,2.46,2.35
20ed_30b_1ea,31.89,3.11,58.79,88.85,5.02,7.68,1.39,2.35
13ed_28b_3ea,39.04,6.01,56.34,89.13,4.48,4.83,2.14,2.35
11ed_29b_3ea,44.26,6.19,50.18,88.39,4.48,5.37,2.1,2.34
6ed_36b_4ea,35.49,14.44,35.97,77.99,27.67,7.24,9.84,2.34
9ed_29b_9ea,34.92,5.98,54.19,85.48,9.84,8.38,2.5,2.33
7ed_30b_12ea,21.62,4.94,61.46,85.47,16.24,9.38,4.69,2.33
3ed_30b_12ea,16.15,4,64.15,86.44,19.29,9.36,5.53,2.33
1ed_29b_9ea,21.41,3.97,65.18,87.56,13.24,8.37,3.42,2.32
19ed_29b_9ea,7.96,2.81,74.81,88.65,16.96,8.4,4.45,2.32
3ed_30b_5ea,17.44,3.47,70.9,91.72,11.31,4.44,5.58,2.32
21ed_28b_9ea,8.49,2.81,75.43,88.82,15.67,8.18,4.13,2.3
16ed_29b_9ea,16.76,5.09,69.5,86.68,13.49,8.05,3.49,2.29
14ed_29b_9ea,13.49,3.16,70.31,88.46,15.79,8.28,4.08,2.29
3ed_36b_5ea,20.62,11.28,46.27,83.4,32.76,4.47,16.03,2.28
2ed_29b_9ea,14.36,4.48,71.3,87.38,14.11,7.98,3.65,2.27
7ed_30b_5ea,23.25,4.36,66.38,90.95,9.7,4.31,4.81,2.26
3ed_28b_3ea,14.44,4.15,78.63,90.56,6.64,5.08,3.17,2.24
16ed_30b_1ea,37.98,4.22,57.04,88.35,4.74,7.31,1.32,2.24
3ed_41b_13ea,10.91,4.17,64.38,79.8,23.71,15.58,8.35,2.24
11ed_29b_9ea,34.74,5.91,54.2,85.91,10.27,8.06,2.64,2.23
20ed_28b_9ea,19.85,3.19,68.94,91.61,8.4,4.58,3.82,2.22
5ed_28b_9ea,38.4,4,54.56,91.03,6.21,4.68,2.84,2.21
2ed_30b_1ea,27.03,3.73,66.89,88.92,5.88,7.23,1.64,2.21
7ed_29b_9ea,13.82,4.79,71.02,87.08,14.68,7.85,3.73,2.2
2ed_29b_3ea,16.41,5.04,76.6,90.37,6.84,4.49,3.25,2.2
7ed_28b_3ea,17.49,5.13,75.58,89.65,6.47,4.99,3.09,2.2
7ed_16b_12ea,13.5,14.04,30.72,77.35,55.47,8.28,18.19,2.2
9ed_30b_1ea,66.8,5.13,28.52,87.59,2.1,7.21,0.58,2.2
10ed_28b_9ea,22.39,4.05,67.39,90.92,8.35,4.55,3.83,2.19
16ed_29b_3ea,19.39,5.58,73.86,89.85,6.58,4.46,3.13,2.19
7ed_30b_1ea,25.95,4.79,67.34,87.92,6.05,7.08,1.74,2.19
11ed_28b_9ea,43.44,6.44,49.46,88.76,5.84,4.52,2.66,2.18
7ed_41b_13ea,13.61,4.69,62.95,79.47,22.29,15.37,7.77,2.18
10ed_29b_9ea,21.61,3.93,67.98,91.06,8.58,4.51,3.94,2.16
19ed_28b_9ea,7.77,2.53,74.38,89.57,17.56,7.78,4.72,2.16
17ed_28b_9ea,12.25,3.28,71.66,88.57,15.91,8.06,4.29,2.15
1ed_28b_3ea,27.73,4.26,66.68,90.65,5.43,5.07,2.56,2.14
7ed_29b_3ea,15.92,5.09,76.21,89.82,7.45,4.89,3.52,2.12
5ed_36b_3ea,70.94,12.71,23.76,81.72,4.01,5.23,1.73,2.12
14ed_38b_5ea,87.71,3.14,6.08,92.55,1.02,4.15,0.5,2.12
11ed_4b_2ea,66.88,12.29,27.53,82.34,3.28,5.04,1.14,2.11
9ed_36b_3ea,61.32,19.06,30.41,75.48,6.04,5.09,2.64,2.11
5ed_29b_2ea,35.72,3.72,58.89,91.45,4.88,4.79,2.31,2.1
21ed_28b_2ea,9.97,2.93,83.09,92.75,6.57,4.19,3.26,2.1
13ed_30b_1ea,65.49,4.37,31.79,88.61,2.49,7,0.67,2.1
1ed_38b_5ea,26.86,4.45,62.09,91.3,10.82,4.1,5.34,2.1
16ed_29b_5ea,16.98,4.74,71.39,90.51,11.32,4.33,5.45,2.09
11ed_30b_1ea,72.08,5.07,23.67,87.93,1.74,6.97,0.47,2.09
16ed_28b_9ea,19.81,3.93,66.99,88.33,13,7.6,3.32,2.08
9ed_38b_5ea,39.79,6.9,50.78,88.83,8.21,4.05,4.07,2.08
1ed_28b_2ea,28.78,3.66,66.11,91.7,4.93,4.61,2.38,2.07
6ed_28b_9ea,20.75,5.1,70.02,90.28,8.44,4.25,3.94,2.06
14ed_29b_2ea,82.25,2.87,12.03,92.94,0.98,4.16,0.48,2.06
14ed_28b_2ea,89.51,3.14,4.8,92.73,0.36,4.09,0.18,2.05
21ed_29b_2ea,11.2,3.58,81.7,92.14,6.84,4.12,3.33,2.04
11ed_28b_2ea,45.96,6.34,49.22,89.08,3.69,4.53,1.78,2.04
19ed_28b_2ea,8.84,2.84,84.02,93,6.95,4.09,3.43,2.04
17ed_28b_2ea,15.06,3.64,78.48,92.23,6.36,4.09,3.15,2.04
21ed_38b_5ea,9.18,2.99,76.49,92.82,13.89,3.96,6.86,2.04
9ed_28b_4ea,24.39,2,67.51,90.32,7.45,7.61,1.73,2.03
13ed_36b_2ea,68.74,14.75,26.06,79.29,4.89,5.8,2.01,2.03
5ed_38b_5ea,36.69,5.27,53.76,90.6,8.92,3.95,4.42,2.03
3ed_28b_9ea,12.09,3.81,71.87,88.56,15.67,7.37,4.09,2.02
20ed_28b_2ea,19.73,3.55,72.02,91.99,5.71,4.03,2.84,2.02
11ed_36b_2ea,68.8,16.66,24.34,77.39,4.54,5.71,1.89,2.02
13ed_28b_2ea,34.7,5.7,60.49,90.23,4.68,4.04,2.32,2.01
7ed_36b_5ea,23.18,13.04,44.57,82.1,31.57,3.94,15.47,2.01
5ed_36b_1ea,68.93,12.05,23.65,78.61,6.18,8.97,1.67,2.01
7ed_16b_4ea,19.24,13.77,41.2,78.27,39.04,7.54,14.06,2
14ed_28b_9ea,56.64,2.8,34.16,91.16,6.1,6,1.72,2
20ed_38b_5ea,19.08,4.31,66.87,91.2,11.55,3.88,5.72,2
3ed_29b_9ea,12.43,3.99,76.52,91.5,10.37,4.09,4.75,1.99
17ed_29b_9ea,13.12,3.84,73.3,90.25,13.52,5.89,3.83,1.98
11ed_29b_2ea,38.91,5.91,55.58,89.55,4.68,4.49,2.22,1.98
20ed_36b_1ea,42.5,10.45,40.26,79.38,11.31,8.93,3.1,1.98
10ed_36b_3ea,51.88,12.88,37.32,81.34,7.06,4.88,3.02,1.97
10ed_38b_5ea,23.48,5.2,63.97,90.54,10.92,3.82,5.41,1.97
9ed_29b_2ea,39.01,5.99,55.23,89.46,4.63,4.47,2.19,1.96
1ed_29b_2ea,24.9,3.92,69.03,91.59,5.96,4.46,2.83,1.96
5ed_36b_2ea,71.52,11.67,23.34,82.26,3.81,5.72,1.55,1.96
1ed_28b_9ea,24.17,3.64,64.66,90.47,11.01,5.86,3.1,1.95
19ed_29b_2ea,9.31,2.94,83.09,93.07,7.41,3.93,3.6,1.94
6ed_28b_2ea,21.39,5,72.4,90.57,5.74,4.29,2.78,1.93
16ed_28b_2ea,21.9,4.46,72.35,91.61,5.61,3.84,2.79,1.92
3ed_28b_2ea,14.17,3.82,79.15,91.7,6.36,4.27,3.08,1.92
13ed_29b_2ea,30.48,5.53,64.03,90.55,5.37,3.9,2.62,1.92
3ed_36b_9ea,20.27,11.55,47.37,83.77,31.08,4.18,14.48,1.92
9ed_36b_1ea,59.05,17.78,29.91,73.23,8.94,8.59,2.46,1.92
9ed_36b_2ea,61.98,17.29,30.23,76.73,5.56,5.62,2.3,1.91
6ed_36b_12ea,29.37,13.14,31.39,75.51,38.44,11,10.41,1.91
20ed_29b_2ea,18.74,3.48,72.54,92.24,6.24,3.84,3.05,1.9
6ed_30b_3ea,34.15,5.2,61.38,90.62,3.68,3.99,1.72,1.9
10ed_36b_1ea,48.14,12.41,37.42,78.23,10.86,8.45,2.99,1.89
10ed_36b_2ea,52.19,11.97,37.05,81.73,6.9,5.44,2.73,1.86
2ed_30b_5ea,24.29,3.4,66.29,92.37,9.16,3.95,4.39,1.84
2ed_38b_5ea,16.43,5.18,70.98,91.06,12.39,3.58,6.14,1.84
5ed_29b_6ea,36.23,3.65,58.6,92.3,4.64,4.01,2.12,1.83
10ed_28b_6ea,23.96,3.95,69,92.03,5.34,3.78,2.39,1.83
16ed_38b_5ea,19.6,5.58,68.41,90.68,11.78,3.56,5.84,1.83
3ed_38b_5ea,13.25,4.74,73.15,91.47,13.31,3.57,6.58,1.83
3ed_29b_3ea,12.98,4.14,79.43,91.47,7.29,4.19,3.45,1.82
11ed_36b_6ea,68.17,15.21,24.34,77.84,5.25,6.67,2.06,1.82
9ed_36b_6ea,61.45,15.81,29.89,77.21,6.47,6.57,2.56,1.81
6ed_38b_12ea,15.02,7.69,61.81,86.07,22.86,6.06,7.4,1.81
6ed_29b_2ea,19.48,5.09,73.53,90.67,6.52,4.1,3.11,1.8
16ed_36b_3ea,58.87,12.15,34.41,82.83,6.48,4.79,2.79,1.8
3ed_29b_2ea,13.06,3.87,79.46,91.86,7.18,4.08,3.42,1.79
16ed_29b_2ea,19.88,4.91,73.72,91.28,6.19,3.6,3.02,1.78
7ed_29b_2ea,15.6,4.48,76.91,91.28,7.02,4.03,3.35,1.77
21ed_29b_11ea,9.69,3.18,80.68,91.66,9.29,5.02,2.05,1.77
2ed_29b_6ea,17.3,3.82,76.34,92.23,6.21,3.87,2.84,1.77
6ed_36b_3ea,47.55,13.31,42.64,81.92,8.51,4.38,3.7,1.77
5ed_28b_2ea,39.63,3.95,55.67,92.08,4.07,3.91,1.97,1.76
16ed_36b_2ea,58.41,10.91,34.97,83.23,6.35,5.63,2.6,1.76
21ed_28b_6ea,10.13,2.77,83.08,93.25,6.38,3.85,2.76,1.75
13ed_28b_9ea,25.48,5.58,61.22,87.76,13.12,6.59,3.46,1.75
6ed_29b_9ea,18.05,5.27,72.07,90.76,9.12,3.62,4.14,1.74
19ed_29b_6ea,9.28,2.8,83.13,93.31,7.4,3.83,3.37,1.74
7ed_30b_3ea,27.32,4.64,67.76,91.03,4.2,4.12,1.98,1.74
1ed_36b_11ea,58.58,11.39,29.56,82.56,11.63,5.87,2.48,1.74
9ed_29b_6ea,39.26,5.87,55.14,90.26,4.45,3.79,2.03,1.73
10ed_29b_6ea,22.35,3.81,70.14,92.16,5.94,3.75,2.72,1.72
11ed_29b_6ea,40.5,5.81,54.21,90.35,4.38,3.79,2,1.72
6ed_36b_2ea,48.68,12.12,41.94,82.4,8.01,5.1,3.34,1.72
2ed_28b_6ea,19.84,3.34,74.81,92.93,5.19,3.63,2.28,1.71
2ed_28b_9ea,14.44,3.76,70.13,89.75,15.22,6.37,4.01,1.71
5ed_28b_11ea,39.77,3.91,54.31,91.7,5.31,4.33,1.79,1.71
10ed_30b_2ea,40.78,3.73,53.13,92.53,3.09,3.5,1.5,1.71
6ed_36b_1ea,45.67,12.54,40.68,79.28,12.4,7.77,3.47,1.71
16ed_36b_1ea,55.32,11.08,34.27,80.22,10.17,8.43,2.82,1.71
10ed_29b_11ea,22.39,3.98,68.56,91.52,7.5,4.25,2.55,1.7
9ed_30b_3ea,66.82,5.14,29.11,90.9,1.56,3.89,0.73,1.7
16ed_29b_6ea,22.81,5.32,71.41,90.77,5.41,3.71,2.47,1.69
9ed_29b_11ea,40.47,6.17,52.86,89.47,5.45,4.27,1.85,1.69
16ed_33b_5ea,19.17,2.54,74.85,93.57,5.02,3.4,2.41,1.69
5ed_36b_11ea,64.59,12.8,24.86,81.37,9.46,5.6,2.03,1.69
11ed_30b_3ea,72.32,5.12,23.96,90.98,1.27,3.86,0.6,1.69
9ed_36b_11ea,56.09,18.6,29.98,75.38,12.1,5.74,2.63,1.69
14ed_28b_6ea,86.1,3,8.19,93.23,0.62,3.73,0.27,1.68
6ed_38b_5ea,18.54,6.58,69.04,89.93,11.96,3.24,5.95,1.68
13ed_36b_11ea,61.16,15.81,27.63,78.31,11.01,5.84,2.36,1.68
1ed_29b_11ea,25.43,4.11,67.02,91.62,7.44,4.25,2.5,1.67
10ed_28b_11ea,23.64,4.3,67.58,91.2,7.13,4.23,2.4,1.67
9ed_28b_5ea,50.41,2.6,43.52,93.69,4.32,3.4,2.04,1.67
3ed_29b_6ea,13.17,3.82,79.59,92.56,6.93,3.43,3.22,1.66
20ed_29b_11ea,18.14,3.46,71.48,91.32,7.99,4.79,1.78,1.66
7ed_28b_9ea,15.86,4.87,73.66,91.2,9.69,3.52,4.43,1.66
5ed_28b_6ea,38.79,4.21,56.53,92.02,4.05,3.71,1.7,1.66
13ed_33b_5ea,33.48,3.11,61.66,93.11,4.26,3.37,2.04,1.66
20ed_36b_11ea,38.43,11.18,40.16,82.19,16.15,5.46,3.45,1.66
16ed_33b_2ea,18.03,2.52,78.58,93.94,2.4,3.19,1.18,1.65
11ed_29b_11ea,41.34,6.09,52.22,89.63,5.47,4.23,1.84,1.65
1ed_28b_6ea,27.3,3.91,67.37,92.37,5.15,3.68,2.2,1.65
11ed_28b_11ea,45.99,6.52,48.02,89.19,4.83,4.24,1.62,1.65
7ed_29b_6ea,15.81,4.43,77.04,91.99,6.67,3.37,3.11,1.63
16ed_28b_6ea,22.44,4.08,72.01,92.25,5.39,3.57,2.33,1.63
13ed_33b_2ea,41.36,2.81,56.5,93.83,1.55,3.16,0.76,1.63
11ed_28b_6ea,46.24,6.25,49.17,90,3.44,3.68,1.43,1.63
10ed_36b_6ea,50.87,12.12,37.65,80.9,7.83,6.13,3.12,1.63
16ed_36b_9ea,44.97,6.91,32.58,49.6,21.56,43.21,8.23,1.63
16ed_30b_2ea,41.23,3.81,55.41,92.72,3.15,3.37,1.52,1.62
7ed_36b_4ea,20.72,14.46,42.14,80.09,36.69,5,13.22,1.61
10ed_36b_11ea,44.58,13.68,37.56,80.28,14.8,5.24,3.17,1.6
6ed_29b_11ea,18.89,5.24,72.69,90.72,8,3.91,2.74,1.58
2ed_29b_11ea,16.12,4.52,75.41,91.43,8.32,3.96,2.81,1.58
17ed_29b_11ea,15.29,3.88,75.85,91.34,8.8,4.76,1.9,1.58
13ed_29b_11ea,28.91,5.34,64,89.91,6.99,4.73,1.53,1.58
20ed_28b_11ea,20.56,3.22,69.71,91.64,7.15,4.76,1.56,1.58
9ed_28b_3ea,24.77,2.79,71.16,93.39,3.92,3.72,1.78,1.58
6ed_29b_6ea,19.22,4.94,74.06,91.5,6.28,3.42,2.88,1.57
7ed_28b_2ea,16.97,4.79,76.41,91.49,6.16,3.49,3,1.57
11ed_30b_9ea,69.1,4.89,26.24,91.6,2.28,3.31,1.03,1.57
3ed_28b_11ea,13.86,3.98,77.19,91.85,8.66,3.97,2.89,1.56
3ed_28b_6ea,14.42,3.69,79.22,92.63,6.01,3.46,2.54,1.55
7ed_28b_6ea,17.77,4.63,75.84,91.77,5.89,3.37,2.52,1.54
7ed_28b_11ea,16.8,4.97,74.56,90.93,8.19,3.88,2.76,1.54
7ed_29b_11ea,15.58,4.95,75.37,91.04,8.62,3.81,2.93,1.53
2ed_29b_2ea,15.86,4.51,77.43,91.93,6.55,3.47,3.13,1.53
14ed_28b_11ea,86.51,3.13,7.59,92.14,0.8,4.69,0.17,1.53
17ed_28b_11ea,15.1,3.37,76.42,91.83,8.38,4.76,1.79,1.53
19ed_28b_11ea,9.21,2.58,81.32,92.58,9.27,4.78,1.97,1.53
10ed_30b_9ea,35.94,3.76,55.32,92.66,5.94,3.21,2.7,1.53
6ed_28b_6ea,23.51,4.47,70.76,92.2,5.17,3.17,2.32,1.52
5ed_29b_11ea,31.14,4.46,61.86,91.65,6.57,3.85,2.21,1.52
5ed_36b_6ea,71.13,11.14,23.04,82.59,4.54,5.87,1.81,1.52
16ed_36b_11ea,50.76,11.41,34.89,83.4,14.14,5.04,3.02,1.5
14ed_29b_11ea,34.88,3.41,57.02,92.17,6.56,4.38,1.42,1.48
16ed_28b_11ea,22.65,4.12,70.18,91.31,7.03,4.48,1.52,1.48
20ed_36b_6ea,44.37,9.92,40.79,83.06,8.59,5.85,3.43,1.48
6ed_30b_2ea,35.1,4.45,60.74,91.99,3.32,3.39,1.55,1.46
14ed_38b_9ea,91.55,3.22,2.64,93.52,0.34,3.06,0.15,1.46
3ed_36b_12ea,13.64,11.45,34.19,78.36,51.95,9.81,13.74,1.46
21ed_38b_3ea,10.98,3.36,81.9,93.57,6.71,2.93,3.24,1.46
7ed_30b_9ea,24.33,4.57,67.1,92.02,7.67,3.05,3.51,1.45
11ed_30b_2ea,70.23,4.7,26.09,92.01,1.37,3.26,0.66,1.45
9ed_30b_2ea,65.34,4.88,30.61,91.8,1.61,3.27,0.77,1.45
6ed_38b_4ea,17.64,7.5,68.54,87.68,13.45,4.64,4.66,1.45
1ed_29b_1ea,27.32,3.67,65.1,85.64,7.46,10.67,0.78,1.44
17ed_29b_6ea,14.7,3.89,78.43,92.94,6.81,3.15,3.1,1.43
20ed_30b_9ea,25.37,3.03,59.06,91.18,12.04,5.43,3.26,1.43
9ed_30b_6ea,65.91,4.75,29.85,92.07,1.73,3.11,0.76,1.43
11ed_30b_6ea,70.98,4.67,25.14,92.16,1.47,3.13,0.64,1.43
9ed_38b_9ea,42.65,7.15,49.48,89.62,6.34,2.99,2.88,1.43
14ed_29b_6ea,32.17,3.19,61.13,93.65,5.27,3.13,2.41,1.42
13ed_29b_6ea,29.24,5.68,65.28,91.16,5.35,3.14,2.44,1.42
1ed_28b_11ea,25.4,4.1,67,92.22,7.45,3.65,2.48,1.42
5ed_30b_9ea,54.69,3.53,37.92,91.07,6.43,5.31,1.71,1.42
16ed_29b_11ea,18.01,5.05,73.82,90.76,8.01,4.09,1.76,1.41
1ed_29b_6ea,24.29,3.97,69.8,92.9,5.81,3.1,2.65,1.41
21ed_29b_6ea,9.33,3.02,83.17,93.75,7.17,3.09,3.28,1.4
9ed_30b_9ea,60.3,4.81,32.79,89.77,4.72,5.32,1.24,1.4
21ed_38b_9ea,9.66,3.06,77.84,93.77,11.7,2.91,5.3,1.4
2ed_28b_11ea,18.29,3.73,73.89,92.62,7.69,3.55,2.55,1.39
6ed_30b_9ea,29.92,4.51,58.81,90.15,10.49,5.13,2.74,1.39
20ed_29b_6ea,18.17,3.35,73.38,93.19,6.05,3.04,2.77,1.38
13ed_30b_9ea,51.96,4.21,40.1,90.46,7.71,5.29,2.1,1.37
20ed_38b_9ea,20.55,4.44,67.09,92.03,9.41,2.87,4.27,1.37
21ed_38b_1ea,10.35,3.25,79.88,92.18,9.35,4.43,2.77,1.37
16ed_30b_9ea,31.46,3.79,56.6,91.01,11.67,5.06,3.05,1.36
16ed_36b_6ea,58.09,9.95,34.14,84,7.51,5.76,3.03,1.36
20ed_28b_6ea,19.33,3.38,72.54,93.08,5.63,3.14,2.4,1.35
19ed_28b_6ea,8.72,2.75,84.02,93.99,7.03,3.19,2.97,1.35
13ed_28b_6ea,33.22,5.47,61.91,91.31,4.72,3.19,1.99,1.35
6ed_36b_11ea,42.65,13.02,39.85,82.25,16.43,4.43,3.54,1.35
5ed_38b_2ea,43.13,5.57,52.18,91.73,4.02,2.63,2.01,1.35
7ed_30b_2ea,26.58,4.39,68.48,92.39,4.24,3.01,2.04,1.34
20ed_38b_2ea,22.54,4.52,69.1,92.34,5.48,2.6,2.75,1.34
6ed_28b_11ea,20.77,5.06,71.31,91.4,7.47,3.41,2.53,1.33
3ed_30b_9ea,16.06,3.48,66.95,91.28,16.59,5.01,4.55,1.33
10ed_38b_1ea,26.44,5.6,64.47,89.75,7.28,4.27,2.17,1.33
20ed_38b_1ea,21.71,4.75,67.76,90.39,7.71,4.29,2.29,1.33
6ed_36b_6ea,48.98,11.28,40.63,83.14,9.03,5.17,3.63,1.32
21ed_41b_12ea,3.3,1.42,66.72,93.31,28.91,5.06,9.03,1.32
7ed_36b_12ea,15.93,13.15,33.96,76.99,49.68,9.38,13.37,1.31
7ed_36b_9ea,19.97,12.9,38.98,80.99,40.33,5.65,11.41,1.3
1ed_41b_12ea,34.63,3.13,51.17,91.77,13.3,4.9,4.18,1.29
7ed_38b_5ea,19.92,2.53,73.99,94.71,5.64,2.6,2.74,1.28
16ed_38b_3ea,21.71,6.47,72.26,90.87,5.9,2.57,2.86,1.28
2ed_38b_3ea,18.09,5.99,75.6,91.34,6.18,2.58,3,1.28
13ed_28b_11ea,31.66,5.73,61.66,90.26,6.56,3.98,1.41,1.26
3ed_38b_9ea,13.77,4.91,74.58,92.22,11.03,2.62,5.03,1.26
13ed_36b_7ea,65.67,11.73,27.72,81.63,6.34,6.43,2.05,1.25
16ed_38b_9ea,20.23,5.81,69.57,91.37,9.72,2.6,4.41,1.25
21ed_38b_2ea,10.71,3.13,82.34,94.13,6.53,2.61,3.17,1.24
20ed_41b_12ea,23.02,3.33,58.85,91.39,14.32,4.74,4.53,1.23
2ed_38b_2ea,18.36,5.47,75.45,92.06,6.06,2.38,3.03,1.23
11ed_36b_7ea,67.16,13.57,25.25,79.99,5.58,6.17,1.8,1.22
3ed_38b_2ea,14.9,4.98,78.41,92.52,6.47,2.36,3.23,1.22
7ed_38b_3ea,17.15,6.43,76.06,90.95,6.4,2.45,3.1,1.22
3ed_36b_1ea,23.38,11.03,56.53,81.1,19.8,7.42,5.75,1.21
2ed_38b_1ea,17.39,5.81,73.92,90.19,8.54,3.91,2.55,1.21
6ed_38b_3ea,20.17,7.35,73.24,90.08,6.18,2.4,3.01,1.2
10ed_38b_2ea,27.42,5.39,65.69,91.75,5.04,2.52,2.44,1.2
9ed_36b_7ea,61.44,14.15,29.93,79.42,6.63,6.06,2.12,1.19
16ed_38b_1ea,20.82,6.49,70.88,89.55,8.14,3.82,2.43,1.19
3ed_38b_1ea,14.28,5.22,76.44,90.79,9.04,3.84,2.68,1.19
21ed_41b_4ea,4.75,1.4,80.41,93.91,13.55,4.48,4.58,1.18
9ed_30b_11ea,65.41,5.03,30.03,91.82,2.13,3.09,0.7,1.17
6ed_41b_12ea,30.16,3.92,56.57,91.22,11.83,4.52,3.76,1.17
6ed_38b_1ea,19.34,7.23,71.73,88.88,8.52,3.72,2.61,1.17
19ed_41b_12ea,7.04,2.39,64.23,92.71,27.64,4.7,8.42,1.17
17ed_41b_12ea,15.96,2.7,60.67,92.42,22.39,4.71,6.84,1.17
11ed_30b_11ea,70.41,4.99,25.37,91.89,1.85,3.09,0.61,1.16
7ed_38b_1ea,16.46,6.29,74.33,89.81,8.81,3.72,2.65,1.16
2ed_41b_4ea,21.25,2.52,69.21,92.92,8.59,4.32,2.85,1.15
5ed_41b_12ea,43.75,3.88,45.74,91.26,9.24,4.63,2.86,1.15
16ed_41b_12ea,24.77,2.83,59.11,92.32,15.25,4.61,4.72,1.15
6ed_38b_2ea,20.54,6.84,73.04,90.79,5.99,2.21,3.02,1.14
14ed_41b_4ea,92.08,2.35,2.22,93.1,0.19,4.34,0.06,1.14
19ed_41b_4ea,10.09,2.38,76.08,93.1,12.58,4.32,4.23,1.14
17ed_41b_4ea,22.38,2.68,66.97,92.82,9.62,4.33,3.21,1.14
7ed_36b_1ea,27.32,12.67,53.36,79.67,18.58,7.11,5.4,1.13
2ed_41b_12ea,21.31,2.59,60.52,92.61,17.22,4.57,5.31,1.13
11ed_41b_12ea,55.91,4.86,35.73,90.36,6.34,4.55,1.95,1.13
21ed_29b_7ea,10.86,3.23,82.31,93.81,6.56,2.8,2.72,1.12
9ed_41b_5ea,48.16,4.38,45.26,92.69,4.44,2.62,2.16,1.12
5ed_41b_4ea,54.84,3.61,40.11,91.91,3.61,4.25,1.16,1.12
1ed_41b_4ea,41.96,3.06,51.51,92.48,5.61,4.27,1.84,1.12
13ed_41b_12ea,40.36,4.22,47.33,91.06,11.47,4.52,3.54,1.12
5ed_29b_7ea,32.94,3.28,62.01,93.88,4.57,2.8,1.9,1.11
5ed_36b_7ea,71.01,10.13,23.13,83.47,4.57,5.98,1.47,1.11
13ed_41b_5ea,39.22,3.6,53.31,93.44,6.5,2.72,3.09,1.11
20ed_41b_4ea,27.41,3.07,61.58,92.17,6.68,4.23,2.19,1.11
16ed_41b_4ea,36.33,2.48,56.81,93.07,6,4.24,1.97,1.11
14ed_41b_5ea,90.96,2.18,3.21,94.9,0.37,2.67,0.18,1.1
11ed_41b_5ea,55.4,4.05,38.93,93.01,3.7,2.68,1.76,1.1
11ed_41b_4ea,59.72,4.75,35.04,90.84,3.12,4.19,1,1.1
9ed_41b_12ea,53.04,5.13,38.52,90.14,6.17,4.46,1.89,1.1
19ed_29b_7ea,8.82,2.63,83.73,94.58,7.29,2.74,2.98,1.09
10ed_38b_9ea,22.22,5.14,61.9,90.33,14.32,4.19,3.8,1.09
16ed_38b_2ea,21.94,6.08,72.27,91.51,5.63,2.28,2.73,1.09
9ed_29b_7ea,35.38,5.48,59.19,91.74,4.45,2.7,1.85,1.08
1ed_29b_7ea,21.9,3.61,72.16,93.67,5.83,2.69,2.43,1.08
11ed_29b_7ea,35.17,5.4,59.51,91.84,4.6,2.71,1.9,1.08
21ed_41b_5ea,4.07,1.29,80.2,95.8,14.38,2.64,6.92,1.08
7ed_30b_11ea,25.27,4.62,67.68,92.34,6.41,2.83,2.09,1.08
10ed_41b_12ea,28.83,3.59,56.06,91.55,12.32,4.43,3.82,1.08
20ed_36b_7ea,43.62,9.27,41.47,83.71,8.75,5.94,2.83,1.07
17ed_41b_5ea,17.05,2.45,69.87,94.6,11.86,2.71,5.76,1.06
6ed_41b_4ea,34.54,3.81,58.24,91.8,5.67,4.06,1.84,1.06
3ed_41b_12ea,12,3.82,67.23,91.6,19.72,4.15,6.26,1.06
19ed_41b_5ea,8.39,2.22,75.89,94.83,14.31,2.69,6.96,1.05
7ed_38b_2ea,17.29,6.02,76.17,91.6,6.13,2.2,2.98,1.05
9ed_38b_6ea,45.35,6.9,49.5,90.63,3.73,2.35,1.57,1.05
14ed_38b_6ea,92.28,3.12,2.04,94.4,0.15,2.41,0.06,1.05
1ed_38b_6ea,32.38,4.44,62.29,93.12,5.12,2.38,2.19,1.04
20ed_29b_7ea,17.29,3,74.52,94.02,5.92,2.6,2.45,1.03
16ed_41b_5ea,32.9,1.91,58.63,95.17,7.46,2.66,3.61,1.03
10ed_29b_7ea,20.25,3.37,72.56,93.81,5.76,2.6,2.37,1.02
11ed_28b_7ea,39.97,5.73,55.22,91.44,3.9,2.76,1.42,1.02
16ed_36b_7ea,57.52,8.72,34.61,85.07,7.59,5.92,2.49,1.02
10ed_41b_5ea,30.21,3.01,60.17,94.05,6.61,2.51,3.16,1.02
3ed_36b_6ea,25.5,10.21,59.35,83.81,14.84,5.5,6.02,1.02
2ed_41b_5ea,24,2.01,65.66,95.08,9.21,2.63,4.46,1.02
1ed_41b_5ea,35.63,2.79,55.95,94.32,7.36,2.64,3.55,1.02
21ed_38b_6ea,10.54,2.96,81.98,94.58,7.03,2.32,3.01,1.02
5ed_38b_6ea,42.01,5.03,53.11,92.58,4.21,2.32,1.81,1.02
7ed_41b_12ea,15.4,4.31,66.17,91.28,17.19,3.98,5.49,1.01
10ed_38b_6ea,27.26,5.17,65.65,92.23,5.17,2.25,2.18,1.01
10ed_28b_7ea,23.16,3.38,70.37,93.75,4.85,2.67,1.78,1
6ed_41b_5ea,35.13,3.05,57.53,94.15,5.68,2.46,2.72,1
3ed_36b_11ea,22.34,11.82,52.78,84.43,24.68,3.43,5.35,1
9ed_41b_4ea,51.82,5.21,41.93,90.66,4.06,3.86,1.25,1
20ed_38b_6ea,22.37,4.29,69.03,92.91,5.68,2.27,2.44,1
16ed_29b_7ea,18.57,4,75.3,93.16,5.95,2.6,2.42,0.99
21ed_28b_7ea,9.6,2.54,83.87,94.63,6.11,2.7,2.19,0.99
19ed_28b_7ea,8.44,2.6,84.59,94.61,6.76,2.72,2.4,0.98
6ed_36b_7ea,50.15,10,39.83,84.25,8.6,5.37,2.81,0.98
16ed_30b_11ea,37.21,3.77,57.66,92.93,4.94,3.19,1.03,0.98
5ed_41b_5ea,51.18,3.1,42.95,94.07,4.35,2.55,2.08,0.98
13ed_30b_11ea,62.04,4.24,34.89,92.46,2.87,3.28,0.6,0.98
10ed_41b_4ea,32.62,3.7,58.1,92.15,6.19,3.75,2.05,0.97
13ed_41b_4ea,45.52,4.1,48.23,91.92,5.47,3.8,1.75,0.97
3ed_29b_7ea,12.76,3.45,80.32,93.96,6.65,2.47,2.74,0.96
3ed_28b_7ea,14.62,3.08,79.17,94.2,6.01,2.65,2.17,0.96
2ed_28b_7ea,18.6,2.83,75.97,94.43,5.24,2.63,1.86,0.96
16ed_28b_7ea,24.18,3.07,70.83,94.25,4.82,2.62,1.72,0.96
7ed_36b_6ea,29.59,11.78,55.74,82.35,13.86,5.3,5.64,0.95
20ed_41b_5ea,24.78,2.86,63.29,94.14,7.71,2.48,3.72,0.95
7ed_38b_9ea,14.61,5.78,68.28,90.35,16.67,3.68,4.42,0.95
6ed_29b_7ea,19.09,4.39,74.72,93.14,5.75,2.36,2.4,0.94
6ed_28b_7ea,22.91,4,71.69,93.37,4.83,2.46,1.76,0.93
17ed_29b_7ea,13.03,3.78,79.93,93.87,6.95,2.33,2.84,0.93
9ed_28b_1ea,22.31,2.58,73.96,93.35,3.38,4,0.57,0.93
7ed_41b_4ea,18.33,4.19,71.72,91.77,8.6,3.62,2.83,0.93
2ed_38b_6ea,18.56,5.15,75,92.65,6.26,2.11,2.7,0.93
7ed_29b_7ea,15.28,3.97,77.87,93.49,6.37,2.38,2.61,0.92
13ed_29b_7ea,23.96,5.14,70.19,92.52,5.73,2.31,2.34,0.92
20ed_33b_11ea,22.19,1.98,70.99,94.64,3.25,2.85,0.63,0.92
16ed_38b_6ea,22.32,5.55,71.6,92.26,5.91,2.09,2.54,0.92
3ed_38b_6ea,14.93,4.74,78.08,93.03,6.73,2.09,2.89,0.92
21ed_41b_3ea,6.09,1.37,88,96.15,4.54,2.28,2.08,0.91
7ed_36b_11ea,25.65,13.51,50.45,82.98,23.33,3.07,5.05,0.91
7ed_28b_7ea,18.28,3.88,75.89,93.49,5.39,2.53,1.92,0.9
3ed_41b_5ea,14.31,3.23,74.61,94.06,9.8,2.28,4.7,0.9
20ed_41b_3ea,27.65,2.94,65.33,94.33,2.75,2.21,1.24,0.9
14ed_41b_12ea,92.4,2.43,1.78,93.36,0.2,4.01,0.05,0.9
17ed_41b_3ea,27.97,2.63,67.95,94.96,3.06,2.25,1.39,0.89
19ed_41b_3ea,13.85,1.99,80.78,95.56,4.04,2.26,1.84,0.89
14ed_41b_3ea,93.34,2.35,1.01,95.24,0.03,2.23,0.02,0.88
1ed_41b_3ea,47.32,2.94,49.9,94.65,1.89,2.22,0.85,0.88
7ed_38b_6ea,17.34,5.73,75.74,92.1,6.47,1.99,2.8,0.88
9ed_28b_9ea,24.88,2.47,70.03,94.86,4.81,2.42,1.4,0.87
21ed_41b_1ea,7.28,1.55,83.93,94.72,7.33,3.52,2.15,0.87
2ed_41b_3ea,31.43,2.39,65.09,95.2,2.54,2.2,1.15,0.87
9ed_41b_1ea,53.39,4.93,41.86,91.36,2.51,3.46,0.69,0.87
2ed_41b_1ea,23.58,2.31,70.51,94,4.92,3.45,1.42,0.87
16ed_41b_3ea,42.53,2.32,54.75,95.29,1.91,2.2,0.86,0.87
6ed_39b_4ea,48.36,3.14,47.87,93.56,2.54,2.92,0.72,0.87
1ed_28b_7ea,22.7,3.6,71.56,93.92,5.55,2.44,1.98,0.86
10ed_41b_3ea,36.43,3.52,58.03,93.94,2.2,2.16,0.99,0.86
5ed_41b_3ea,58.86,3.42,38.34,94.17,1.32,2.19,0.59,0.86
6ed_38b_6ea,20.81,6.52,72.64,91.38,6.08,1.93,2.64,0.86
13ed_41b_3ea,51.62,4,45.77,93.64,1.81,2.18,0.81,0.86
11ed_41b_3ea,62.77,4.55,33.89,93.05,1.18,2.19,0.52,0.86
17ed_28b_7ea,12.72,3.59,80.63,93.94,6.52,2.43,2.29,0.85
13ed_33b_11ea,38.5,3.15,58.22,93.83,2.74,2.76,0.53,0.85
6ed_41b_1ea,30.63,3.69,63.84,92.62,4.06,3.35,1.14,0.85
16ed_39b_5ea,51.17,2.27,45.48,95.45,3.05,1.88,1.46,0.85
2ed_39b_5ea,39.59,2.15,55.58,95.56,4.45,1.87,2.14,0.85
14ed_41b_1ea,93.25,2.32,1.07,94.03,0.06,3.47,0.02,0.85
3ed_39b_12ea,25.61,2.03,63.99,93.53,10.07,4,2.59,0.85
14ed_28b_7ea,31.74,2.61,61.97,94.82,4.78,2.49,1.66,0.84
13ed_28b_7ea,27.67,5.16,67.07,92.33,5.08,2.47,1.77,0.84
10ed_41b_1ea,34.51,3.51,58.69,92.68,3.55,3.42,1,0.84
20ed_41b_1ea,28.99,3.1,62.44,92.99,3.91,3.42,1.11,0.84
3ed_39b_5ea,25.47,1.8,67.74,95.86,6.42,1.86,3.08,0.84
3ed_41b_4ea,14.67,3.71,74.32,92.56,9.88,3.31,3.33,0.84
5ed_41b_1ea,56.66,3.41,39.7,92.93,2.15,3.44,0.6,0.84
16ed_41b_1ea,40.38,2.64,55.38,93.73,3.34,3.4,0.95,0.84
7ed_39b_4ea,34.68,2.49,60.48,94.27,3.92,2.81,1.11,0.84
1ed_41b_1ea,44.18,2.91,51.65,93.47,3.24,3.43,0.92,0.84
19ed_41b_1ea,11.43,2.31,80.16,94.07,7.06,3.43,2.08,0.84
17ed_41b_1ea,24.47,2.59,69.04,93.79,5.41,3.46,1.58,0.84
2ed_29b_7ea,15.01,3.75,78.46,94.06,6.37,2.11,2.6,0.83
5ed_28b_7ea,31.76,3.82,63.16,93.74,4.56,2.38,1.62,0.83
13ed_41b_1ea,47.46,3.89,48.57,92.54,3.18,3.4,0.9,0.83
6ed_39b_12ea,47.49,3.17,47.25,93.34,4.05,3.11,1.03,0.83
16ed_39b_4ea,54.14,2.61,43.19,94.27,2.35,2.77,0.66,0.83
9ed_39b_4ea,81.12,2.88,14.98,93.98,0.53,2.77,0.15,0.83
6ed_41b_3ea,39.11,3.54,57.21,94.06,2.06,2.09,0.92,0.82
11ed_41b_1ea,61.17,4.48,34.81,91.93,1.89,3.38,0.52,0.82
2ed_39b_4ea,40.46,2.36,55.77,94.55,3.48,2.75,0.99,0.82
20ed_28b_7ea,17.55,3.07,74.54,94.21,5.63,2.35,1.97,0.81
9ed_28b_2ea,22.04,2.03,74.23,95.41,3.56,2.44,1.59,0.81
9ed_39b_5ea,80.03,2.56,16.06,95.22,0.64,1.78,0.3,0.81
3ed_39b_4ea,28.1,2.03,66.6,94.85,4.94,2.69,1.41,0.81
9ed_16b_10ea,56.35,17.9,27.89,73.69,13.97,8.15,0.97,0.8
14ed_38b_11ea,92.07,3.26,2.2,93.8,0.22,2.89,0.05,0.8
9ed_41b_3ea,55.39,5.04,40.72,92.64,1.59,2.07,0.71,0.79
16ed_39b_3ea,56.18,2.55,42.57,95.44,0.94,1.65,0.44,0.79
21ed_38b_11ea,10.03,3.08,79.87,94.01,9.73,2.79,2.08,0.79
11ed_16b_10ea,61.06,17.01,24.83,74.6,12.46,8.27,0.86,0.78
6ed_39b_3ea,50.02,3.04,47.64,94.92,1.08,1.64,0.49,0.78
19ed_38b_7ea,9.86,2.78,82.17,94.87,7.71,2.27,2.59,0.78
17ed_38b_7ea,16.19,3.15,76.8,94.5,6.84,2.3,2.34,0.78
5ed_38b_11ea,40.7,5.53,52.9,91.64,5.77,2.76,1.25,0.78
7ed_41b_5ea,17.8,3.68,71.58,93.79,9.1,2.1,4.38,0.77
6ed_39b_5ea,46.89,2.75,48.95,95.1,2.97,1.7,1.42,0.77
10ed_38b_11ea,25.93,5.36,65.01,91.61,7.32,2.7,1.58,0.77
11ed_38b_7ea,45.16,5.8,49.86,91.9,3.9,2.22,1.35,0.77
20ed_38b_11ea,21.31,4.49,68.19,92.24,7.79,2.73,1.68,0.77
7ed_39b_5ea,32.31,2.22,61.94,95.6,4.86,1.69,2.33,0.76
9ed_41b_9ea,42.68,5,48.79,91.59,6.57,3.11,1.73,0.76
7ed_39b_3ea,36.51,2.43,61.02,95.51,1.51,1.61,0.69,0.76
14ed_38b_7ea,80.81,2.88,13.39,94.82,1.13,2.21,0.38,0.76
2ed_39b_3ea,42.33,2.3,56.06,95.72,1.32,1.62,0.6,0.76
9ed_39b_12ea,80.86,2.91,14.96,92.93,0.82,3.78,0.19,0.76
9ed_28b_6ea,52.05,2.63,44.23,95.54,1.73,1.63,0.65,0.75
3ed_41b_3ea,17.31,3.58,78.05,94.08,3.51,1.94,1.58,0.75
7ed_39b_12ea,32.76,2.5,59.03,93.33,7.35,3.72,1.84,0.75
1ed_38b_7ea,28.99,3.92,65.24,93.82,5.58,2.2,1.88,0.75
9ed_38b_7ea,42.53,6.12,52.17,91.62,4.02,2.14,1.39,0.75
16ed_39b_12ea,52.52,2.63,42.93,93.26,4.25,3.75,1.05,0.75
9ed_33b_11ea,75.03,1.92,21.43,96.11,0.49,1.92,0.16,0.74
21ed_41b_9ea,5.25,1.55,80.62,95.73,12.53,2.43,4.71,0.74
11ed_41b_9ea,56.35,4.23,38.13,92.95,3.44,2.54,1.19,0.74
9ed_39b_3ea,81.43,2.83,14.94,95.23,0.26,1.56,0.12,0.74
11ed_39b_12ea,85.06,2.07,11.11,93.8,0.63,3.75,0.15,0.74
3ed_36b_7ea,26.4,9.33,58.61,84.49,14.66,5.83,4.86,0.73
7ed_41b_1ea,19.68,4.3,73.77,92.2,5.17,3.02,1.47,0.73
3ed_41b_1ea,16.11,3.56,77.09,92.99,5.62,3.05,1.61,0.73
1ed_41b_9ea,39.94,2.74,54.08,94.52,4.83,2.48,2.08,0.73
5ed_38b_7ea,39.02,4.39,55.85,93.42,4.47,2.11,1.52,0.73
7ed_41b_3ea,21.13,4.01,74.21,93.72,3.28,1.87,1.47,0.72
14ed_41b_9ea,92.53,2.31,1.78,94.99,0.13,2.44,0.06,0.72
21ed_38b_7ea,10.02,2.66,82.32,95.11,7.19,2.09,2.44,0.72
16ed_41b_9ea,36.61,2.02,57.41,95.25,4.91,2.47,2.13,0.72
19ed_41b_9ea,7.72,1.93,72.28,94.89,18.7,2.98,5.13,0.71
16ed_38b_11ea,20.6,6.06,71.13,91.37,8.14,2.47,1.76,0.71
2ed_38b_11ea,17.59,5.44,73.74,91.97,8.54,2.5,1.84,0.71
10ed_38b_7ea,25.71,4.63,67.12,93.04,5.5,2.03,1.88,0.7
3ed_38b_11ea,14.24,4.96,76.32,92.43,9.23,2.48,1.98,0.7
9ed_30b_7ea,61.81,4.38,34.05,93.24,1.94,2.31,0.61,0.68
11ed_30b_7ea,65.54,4.41,30.72,93.35,1.74,2.19,0.56,0.68
6ed_41b_9ea,36.43,3.17,56.66,94.04,5.14,2.42,1.79,0.68
20ed_41b_9ea,26.36,2.91,62.25,94.06,6.9,2.5,2.28,0.68
6ed_38b_11ea,19.48,6.82,71.87,90.7,8.25,2.31,1.81,0.68
16ed_33b_6ea,18.25,2.47,78.63,95.57,2.1,1.62,0.75,0.67
19ed_41b_6ea,11.17,2.2,81.86,95.51,5.58,2.09,2.34,0.67
2ed_38b_7ea,18.66,4.49,74.87,93.46,6.27,1.98,2.12,0.67
7ed_38b_11ea,16.53,5.98,74.27,91.49,8.83,2.35,1.91,0.67
2ed_39b_12ea,38.79,2.39,54.47,94.57,6.44,2.7,1.61,0.67
3ed_38b_7ea,14.77,4.23,78.12,93.69,6.86,1.99,2.31,0.66
16ed_38b_7ea,22.49,4.85,71.45,93.09,5.84,1.94,2.02,0.66
7ed_36b_7ea,30.1,10.8,55.46,83.14,13.63,5.58,4.51,0.65
11ed_41b_6ea,60.09,4.05,36.27,93.67,1.55,2.06,0.63,0.65
6ed_30b_7ea,34.4,3.96,61.07,93.88,3.68,2.06,1.22,0.64
21ed_41b_2ea,6.43,1.55,87.49,96.36,4.8,1.88,2.16,0.64
2ed_41b_9ea,22.34,2.04,64.19,94.77,12.36,2.97,3.56,0.64
17ed_41b_9ea,15.15,2.36,65.08,93.65,18.61,3.81,4.53,0.64
19ed_41b_2ea,12.07,2.25,82.15,95.63,4.45,1.93,2.01,0.64
17ed_41b_2ea,25.27,2.42,70.21,95.47,3.44,1.95,1.54,0.64
14ed_41b_2ea,92.93,2.23,1.43,95.68,0.05,1.91,0.02,0.63
2ed_41b_2ea,30.52,2.12,65.76,95.77,2.73,1.91,1.21,0.63
16ed_41b_2ea,42.76,2.23,54.33,95.67,2.05,1.91,0.9,0.63
2ed_41b_6ea,23.82,1.96,71.31,95.83,3.84,1.99,1.58,0.63
9ed_41b_2ea,53.98,4.64,42.12,93.2,1.64,1.91,0.71,0.63
1ed_41b_2ea,44.88,2.74,52.1,95.17,2.09,1.91,0.91,0.63
17ed_41b_6ea,23.22,2.35,71.25,95.42,4.38,2.05,1.8,0.63
7ed_38b_7ea,17.33,5.17,75.71,92.83,6.48,1.86,2.2,0.62
11ed_41b_2ea,60.76,4.18,35.89,93.73,1.26,1.89,0.54,0.62
21ed_41b_6ea,5.2,1.28,87.29,96.5,6.07,2.01,2.51,0.61
20ed_41b_2ea,29.7,2.91,63.04,94.78,2.54,1.85,1.1,0.61
6ed_38b_7ea,21.18,5.85,72.35,92.22,5.95,1.76,2.04,0.61
5ed_41b_2ea,57.55,3.16,39.57,94.76,1.38,1.87,0.59,0.61
14ed_41b_6ea,92.73,2.17,1.63,95.62,0.07,2.01,0.03,0.61
16ed_41b_6ea,40.57,2.28,55.85,95.51,2.64,1.98,1.08,0.61
1ed_41b_6ea,42.75,2.67,53.61,95.13,2.66,2.01,1.09,0.61
13ed_41b_6ea,46.36,3.61,50.2,94.21,2.54,2,1.03,0.61
10ed_41b_2ea,35.25,3.27,59.14,94.54,2.3,1.84,0.99,0.6
5ed_41b_9ea,49.53,3.07,42.35,92.98,6.65,3.72,1.4,0.6
5ed_41b_6ea,56.1,3.08,40.67,94.74,1.72,1.96,0.7,0.6
13ed_41b_2ea,48.49,3.71,48.67,94.26,1.98,1.85,0.87,0.6
10ed_41b_9ea,29.25,3.24,59.48,93.51,8.27,2.87,2.26,0.59
6ed_41b_2ea,39.7,3.16,56.6,94.76,2.03,1.79,0.87,0.58
10ed_41b_6ea,33.98,3.2,59.93,94.52,2.83,1.92,1.15,0.58
20ed_41b_6ea,28.52,2.84,63.74,94.76,3.12,1.93,1.28,0.58
9ed_41b_6ea,52.8,4.45,43.08,93.42,1.89,1.88,0.76,0.58
13ed_41b_9ea,37.54,3.54,53.35,93.42,8.22,2.86,2.16,0.58
6ed_44b_4ea,25.09,1.95,72.02,95.95,2.27,2.03,0.62,0.58
6ed_39b_1ea,51.21,2.9,46.16,94.79,1.29,1.91,0.3,0.57
6ed_41b_6ea,38.73,3.06,57.1,94.77,2.47,1.88,1.01,0.56
9ed_39b_9ea,80.55,2.65,15.66,95.7,0.47,1.21,0.21,0.56
7ed_44b_4ea,13.97,1.53,82.79,96.4,2.85,1.99,0.78,0.56
7ed_39b_1ea,35.95,2.34,61.13,95.37,1.96,1.85,0.46,0.55
21ed_44b_4ea,3,0.57,93.02,97.41,3.77,1.96,1.03,0.55
3ed_41b_9ea,13.63,3.25,72.3,93.74,12.78,2.61,3.62,0.53
16ed_39b_1ea,55.28,2.44,43.2,95.4,1.2,1.81,0.28,0.53
2ed_39b_1ea,41.9,2.2,56.08,95.65,1.72,1.79,0.41,0.53
9ed_41b_11ea,51.47,4.56,43.68,93.19,2.68,2.01,0.54,0.52
6ed_39b_2ea,49.63,2.81,48.03,95.4,1.08,1.4,0.48,0.52
2ed_39b_2ea,41.74,2.12,56.59,96.12,1.38,1.4,0.62,0.52
3ed_39b_1ea,29.46,1.91,67.77,95.89,2.38,1.77,0.57,0.52
9ed_39b_1ea,81.21,2.71,15.13,95.12,0.3,1.8,0.07,0.52
3ed_41b_6ea,16.47,3.23,77.94,94.62,4.34,1.76,1.78,0.51
16ed_39b_2ea,55.1,2.34,43.61,95.9,0.98,1.41,0.43,0.51
7ed_4b_7ea,28.18,10.11,64.44,86.46,6.58,2.94,1.91,0.5
7ed_41b_2ea,21.03,3.75,74.25,94.28,3.29,1.59,1.42,0.5
7ed_41b_9ea,17.32,3.71,70.35,93.41,10.87,2.49,3.01,0.5
6ed_44b_3ea,25.75,1.9,72.53,97.01,1.07,1.01,0.51,0.5
10ed_44b_3ea,24.9,0.91,71.99,97.97,1.14,1.02,0.53,0.5
13ed_36b_10ea,59.26,15.12,28.02,78.72,12.54,6.12,0.87,0.5
7ed_39b_2ea,34.41,2.34,62.91,96.1,1.73,1.15,0.74,0.49
1ed_36b_10ea,57.39,11.09,29.68,82.85,12.7,5.87,0.9,0.49
7ed_44b_3ea,14.36,1.5,83.91,97.43,1.32,1,0.63,0.49
21ed_44b_3ea,3.1,0.57,95.01,98.37,1.66,1,0.78,0.49
1ed_44b_5ea,18.46,0.75,78.11,98.16,3.23,1,1.54,0.49
3ed_44b_3ea,10.79,1.22,87.58,97.73,1.42,0.99,0.67,0.49
16ed_44b_3ea,23.89,1.53,74.73,97.41,1.16,1.01,0.54,0.49
11ed_36b_10ea,61.89,17.27,25.3,76.59,11.06,5.99,0.76,0.49
2ed_44b_3ea,17.07,1.35,81.43,97.58,1.32,1.01,0.61,0.49
7ed_41b_6ea,20.27,3.66,74.29,94.27,3.96,1.68,1.61,0.48
5ed_36b_10ea,65.19,12.66,23.93,81.44,9.75,5.6,0.67,0.48
10ed_44b_5ea,19.25,0.9,76.41,97.99,2.81,0.99,1.34,0.48
20ed_44b_5ea,13.41,0.7,81.56,98.15,3.09,0.99,1.47,0.48
5ed_44b_5ea,54.95,0.92,42.64,98.01,1.34,0.99,0.64,0.48
9ed_44b_5ea,57.68,1.33,39.04,97.57,1.04,1,0.49,0.48
19ed_44b_5ea,2.66,0.59,92.88,98.34,4.26,0.99,2.04,0.48
17ed_44b_5ea,4.45,0.57,91.28,98.36,4.08,0.99,1.94,0.48
11ed_44b_5ea,55.79,1.25,41.13,97.67,1.22,0.98,0.58,0.48
7ed_44b_12ea,13.9,1.55,81.86,96.28,3.84,2.09,0.93,0.48
6ed_44b_12ea,25.1,1.98,71.31,95.85,2.93,2.09,0.7,0.48
20ed_36b_10ea,37.62,10.95,39.83,82.47,17.37,5.43,1.23,0.47
6ed_44b_5ea,23.29,1.72,73.8,97.21,2.3,0.97,1.09,0.47
21ed_44b_5ea,2.73,0.52,93.08,98.41,3.95,0.97,1.89,0.47
16ed_44b_5ea,20.26,1.38,76.86,97.56,2.65,0.97,1.26,0.47
2ed_44b_5ea,14.39,1.26,82.41,97.67,2.98,0.98,1.42,0.47
14ed_44b_5ea,93.14,0.56,1.21,98.38,0.04,0.98,0.02,0.47
13ed_44b_5ea,28.15,1.03,69.04,97.9,2.56,0.98,1.22,0.47
21ed_44b_12ea,2.95,0.57,91.35,97.29,5.47,2.07,1.34,0.47
21ed_41b_11ea,4.86,1.32,84.21,96.08,9.56,2.4,1.86,0.46
16ed_39b_9ea,49.41,2.31,45.32,95.57,4.95,1.75,1.38,0.46
2ed_39b_9ea,35.81,2.09,56.17,95.78,7.72,1.76,2.19,0.46
7ed_44b_5ea,12.84,1.38,83.9,97.57,2.85,0.94,1.36,0.46
3ed_44b_5ea,9.52,1.12,87.03,97.83,3.22,0.95,1.54,0.46
7ed_39b_9ea,29.53,2.36,61.62,95.42,8.02,1.79,2.26,0.45
14ed_41b_11ea,92.65,2.32,1.68,95.03,0.12,2.47,0.02,0.45
3ed_39b_9ea,23.48,1.82,64.74,96,11.37,1.72,3.29,0.45
1ed_41b_11ea,41.1,2.75,53.58,94.54,4.36,2.52,0.78,0.45
19ed_41b_11ea,10.3,2.27,79.42,95.03,8.95,2.51,1.71,0.45
17ed_41b_11ea,21.7,2.43,70.17,94.97,7.02,2.43,1.34,0.45
21ed_29b_10ea,9.31,3.07,80.62,92.35,9.72,4.44,0.64,0.44
2ed_41b_7ea,21.38,1.58,72.9,96.45,4.6,1.75,1.64,0.44
16ed_41b_7ea,36.05,1.56,59.55,96.46,3.42,1.79,1.22,0.44
17ed_41b_7ea,18.39,2.27,74.9,95.84,5.49,1.7,2,0.44
20ed_41b_11ea,27.47,2.94,63.04,94.16,5.04,2.43,0.88,0.44
5ed_41b_11ea,54.94,3.19,40.83,94.18,2.74,2.41,0.48,0.44
2ed_41b_11ea,27.73,2.14,65.73,95.19,5.53,2.46,1.01,0.44
16ed_41b_11ea,38.17,2.02,56.58,95.27,4.37,2.52,0.77,0.44
11ed_41b_11ea,58.05,4.26,37.31,92.99,2.63,2.54,0.44,0.44
1ed_41b_7ea,37.16,2.42,58.27,95.63,3.54,1.76,1.24,0.43
19ed_41b_7ea,9.51,2.08,82.44,96.02,6.67,1.7,2.4,0.43
10ed_41b_11ea,33.32,3.12,59.02,94.13,4.52,2.38,0.79,0.43
11ed_41b_7ea,56.05,3.65,40.12,94.42,1.87,1.72,0.68,0.43
6ed_39b_9ea,46.31,2.78,48.65,95.39,3.87,1.43,1.07,0.43
10ed_36b_10ea,43.06,13.6,36.92,80.23,16.9,5.38,1.22,0.43
16ed_36b_10ea,49.56,10.97,34.88,83.73,15.34,5.14,1.09,0.43
10ed_29b_10ea,21.24,3.84,69.36,91.6,7.92,4.29,0.52,0.42
20ed_29b_10ea,18.06,3.4,71.38,91.85,8.17,4.32,0.54,0.42
5ed_29b_10ea,31.53,4.21,61.17,91.42,6.85,4.32,0.45,0.42
21ed_28b_10ea,9.54,2.84,80.92,92.57,9.16,4.46,0.61,0.42
14ed_41b_7ea,85.31,1.99,9.07,96.06,0.53,1.74,0.19,0.42
13ed_41b_7ea,39.06,3.18,56.66,94.96,3.32,1.68,1.21,0.42
6ed_41b_11ea,37.21,3.23,57.14,94.1,4.01,2.37,0.68,0.42
9ed_29b_10ea,37.81,6.02,55.14,89.58,5.95,4.31,0.39,0.41
20ed_28b_10ea,20.09,3.15,69.87,92.09,7.51,4.38,0.5,0.41
21ed_41b_7ea,4.6,1.21,86.8,96.86,7.12,1.73,2.56,0.41
5ed_41b_7ea,52.52,2.75,43.82,95.33,2.11,1.71,0.75,0.41
1ed_29b_10ea,23.99,3.96,68.01,91.71,7.88,4.29,0.52,0.4
10ed_28b_10ea,22.7,3.96,68.2,91.52,7.53,4.27,0.5,0.4
17ed_29b_10ea,14.24,3.85,76.3,91.8,9.39,4.32,0.62,0.4
5ed_28b_10ea,37.78,3.86,55.9,91.69,5.74,4.38,0.38,0.4
14ed_28b_10ea,81.69,2.84,12.21,92.66,1.35,4.45,0.09,0.4
9ed_41b_7ea,51.4,3.84,44.32,94.3,2.08,1.62,0.75,0.4
16ed_29b_10ea,18.42,4.99,73.05,90.9,8.35,4.01,0.55,0.39
2ed_29b_10ea,15.65,4.3,75.45,91.58,8.73,4.02,0.58,0.39
13ed_29b_10ea,27.01,5.25,65.37,90.42,7.51,4.29,0.49,0.39
11ed_29b_10ea,38.46,5.96,54.66,89.71,6.02,4.28,0.39,0.39
20ed_41b_7ea,26.17,2.58,65.78,95.32,3.68,1.67,1.31,0.39
10ed_41b_7ea,31.51,2.9,62.12,95.14,3.22,1.62,1.17,0.39
1ed_28b_10ea,24.59,3.81,67.56,91.83,7.71,4.31,0.51,0.39
6ed_41b_7ea,38.51,2.56,57.02,95.52,2.72,1.65,0.97,0.39
19ed_28b_10ea,8.99,2.55,80.93,92.96,9.86,4.42,0.66,0.39
17ed_28b_10ea,14.43,3.32,76.45,92.22,9.01,4.42,0.6,0.39
6ed_36b_10ea,42.39,12.6,39.17,82.62,17.36,4.48,1.22,0.39
7ed_29b_10ea,15.14,4.55,75.43,91.37,8.96,3.86,0.6,0.38
3ed_29b_10ea,12.53,3.82,77.76,92.05,9.4,3.93,0.62,0.38
9ed_28b_7ea,43.59,2.66,52.65,96.01,2.33,1.22,0.67,0.38
16ed_28b_10ea,22.38,3.95,70.11,91.8,7.36,4.15,0.48,0.38
11ed_28b_10ea,43.26,6.41,50.36,89.23,5.35,4.3,0.35,0.38
3ed_41b_11ea,15.66,3.36,76.17,93.98,6.98,2.27,1.22,0.38
7ed_28b_10ea,17.75,4.42,73.69,91.42,8.09,3.96,0.53,0.37
3ed_28b_10ea,13.58,3.81,77.05,91.92,9.05,4.05,0.6,0.37
13ed_41b_11ea,46.17,3.85,49.41,94.04,3.54,1.93,0.56,0.37
14ed_29b_10ea,21.8,3.33,68.94,92.77,8.48,3.86,0.56,0.36
7ed_41b_11ea,19.41,3.8,72.84,93.65,6.33,2.16,1.07,0.36
9ed_28b_11ea,62.13,2.15,33.99,95.98,1.33,1.74,0.28,0.36
21ed_44b_9ea,2.84,0.53,93.74,98.62,3.1,0.76,1.37,0.36
6ed_44b_1ea,25.21,1.84,72.84,96.83,1.28,1.25,0.29,0.36
5ed_44b_9ea,58.72,0.96,39.2,98.18,0.92,0.77,0.4,0.36
9ed_44b_9ea,60.54,1.4,36.39,97.73,0.74,0.77,0.33,0.36
1ed_44b_9ea,20.44,0.71,76.84,98.42,2.41,0.78,1.05,0.36
19ed_44b_9ea,2.8,0.6,93.52,98.52,3.39,0.79,1.48,0.36
17ed_44b_9ea,4.83,0.58,91.67,98.56,3.22,0.78,1.43,0.36
11ed_44b_9ea,59.12,1.27,38,97.85,0.86,0.79,0.38,0.36
6ed_29b_10ea,18.29,5.21,73.17,91.11,8.1,3.52,0.54,0.35
6ed_39b_11ea,48.64,2.87,48.32,95.51,1.82,1.22,0.37,0.35
7ed_39b_11ea,34.46,2.31,61.72,96.04,2.9,1.2,0.59,0.35
16ed_39b_11ea,53.52,2.39,44.4,96.02,1.77,1.23,0.36,0.35
9ed_39b_11ea,80.78,2.67,15.51,95.7,0.4,1.25,0.08,0.35
6ed_44b_9ea,24.21,1.77,73.36,97.36,1.75,0.75,0.77,0.35
7ed_44b_1ea,14.06,1.45,83.92,97.24,1.6,1.23,0.37,0.35
3ed_44b_9ea,9.94,1.15,87.26,98,2.5,0.75,1.11,0.35
16ed_44b_9ea,21.65,1.44,76.1,97.73,1.97,0.75,0.88,0.35
3ed_41b_7ea,15.85,2.88,78.08,95.27,4.83,1.52,1.74,0.34
3ed_39b_11ea,27.82,1.88,68.1,96.47,3.72,1.21,0.76,0.34
2ed_39b_11ea,42.18,2.25,54.88,96.15,2.57,1.22,0.52,0.34
21ed_44b_1ea,3.03,0.53,94.67,98.18,2.07,1.22,0.47,0.34
3ed_44b_1ea,10.51,1.17,87.52,97.56,1.74,1.2,0.4,0.34
10ed_44b_1ea,23.77,0.94,73,97.75,1.39,1.21,0.32,0.34
20ed_44b_1ea,16.55,0.74,79.52,97.92,1.56,1.22,0.36,0.34
2ed_44b_1ea,16.61,1.29,81.64,97.45,1.56,1.2,0.36,0.34
7ed_44b_2ea,13.78,1.41,84.55,97.77,1.27,0.74,0.58,0.33
6ed_44b_2ea,24.89,1.77,73.45,97.4,1.02,0.75,0.47,0.33
21ed_44b_2ea,2.96,0.53,95.18,98.65,1.63,0.75,0.75,0.33
10ed_44b_2ea,21.43,0.84,75.63,98.27,1.2,0.78,0.52,0.33
3ed_44b_2ea,10.29,1.14,88.11,98.04,1.38,0.74,0.63,0.33
20ed_44b_2ea,15.56,0.72,80.97,98.39,1.25,0.76,0.57,0.33
16ed_44b_2ea,22.99,1.4,75.7,97.79,1.1,0.74,0.5,0.33
14ed_44b_2ea,93.54,0.56,0.8,98.63,0.01,0.75,0,0.33
9ed_44b_2ea,61.28,1.39,35.93,97.76,0.46,0.79,0.2,0.33
5ed_44b_2ea,60.39,0.95,37.95,98.24,0.5,0.75,0.23,0.33
16ed_44b_1ea,23.08,1.46,75.33,97.29,1.37,1.19,0.31,0.33
1ed_44b_2ea,22.17,0.71,76.38,98.47,1.22,0.75,0.55,0.33
5ed_44b_1ea,62.75,0.98,35.46,97.77,0.58,1.2,0.13,0.33
14ed_44b_1ea,93.78,0.53,0.56,98.23,0.01,1.18,0,0.33
11ed_44b_2ea,60.68,1.27,36.79,97.89,0.49,0.78,0.21,0.33
19ed_44b_2ea,2.93,0.6,95.21,98.59,1.68,0.75,0.77,0.33
17ed_44b_2ea,5.17,0.58,93.05,98.61,1.6,0.75,0.73,0.33
9ed_44b_1ea,62.9,1.41,34.13,97.32,0.5,1.2,0.11,0.33
13ed_44b_2ea,34.97,1.06,63.86,98.14,0.97,0.75,0.44,0.33
6ed_28b_10ea,20.53,4.92,71.2,91.49,7.8,3.45,0.52,0.32
7ed_41b_7ea,19.66,3.32,74.5,94.85,4.3,1.46,1.52,0.32
2ed_28b_10ea,16.49,3.82,74.77,92.48,8.6,3.63,0.57,0.32
13ed_28b_10ea,30.3,5.63,62.46,90.64,7.11,3.7,0.47,0.32
6ed_39b_6ea,49.77,2.72,47.89,96.17,1.08,0.71,0.42,0.3
16ed_39b_6ea,55.15,2.27,43.52,96.64,1.01,0.72,0.39,0.3
2ed_39b_6ea,41.75,2.06,56.5,96.85,1.45,0.72,0.56,0.3
7ed_39b_6ea,35.89,2.2,61.51,96.64,1.64,0.7,0.63,0.29
3ed_36b_10ea,22.11,11.5,51.34,84.68,26.32,3.48,1.98,0.29
9ed_39b_6ea,81.01,2.57,15.43,96.33,0.23,0.71,0.09,0.29
10ed_44b_9ea,18.23,0.82,76.36,97.96,3.9,1.11,1.03,0.29
14ed_44b_9ea,93.01,0.56,1.32,98.23,0.06,1.15,0.02,0.29
7ed_44b_9ea,12.58,1.39,83.05,97.41,3.98,1.12,1.02,0.28
20ed_44b_9ea,13.52,0.76,80.23,97.97,4.35,1.14,1.13,0.28
2ed_44b_9ea,14.47,1.22,81.25,97.62,4.09,1.09,1.08,0.28
13ed_44b_9ea,26.51,1.03,69.44,97.8,3.81,1.11,1.02,0.28
10ed_30b_10ea,36.14,3.74,55.96,93,5.31,3.05,0.35,0.26
5ed_30b_10ea,61.17,3.77,34.86,93.09,2.9,3.08,0.19,0.26
7ed_36b_10ea,25.24,13.18,49.29,83.26,24.87,3.11,1.82,0.26
9ed_30b_10ea,64.36,4.9,30.87,91.93,2.35,3.1,0.15,0.26
6ed_30b_10ea,32.93,4.61,60.84,92.29,5.43,2.92,0.36,0.25
16ed_30b_10ea,36.34,3.66,57.98,93.27,5.48,2.95,0.37,0.25
13ed_30b_10ea,59.68,4.27,36.75,92.62,3.35,3.09,0.22,0.25
11ed_30b_10ea,68.83,4.87,26.78,91.99,2.11,3.1,0.14,0.25
6ed_33b_7ea,39.24,1.59,58.69,97.51,1.09,0.82,0.31,0.24
7ed_30b_10ea,25.42,4.41,67.14,92.54,6.75,2.84,0.45,0.24
14ed_44b_6ea,93.46,0.55,0.88,98.84,0.01,0.56,0,0.23
5ed_44b_6ea,59.7,0.92,38.64,98.47,0.51,0.55,0.2,0.23
1ed_44b_6ea,21.58,0.7,76.93,98.69,1.26,0.55,0.48,0.23
19ed_44b_6ea,2.91,0.59,95.17,98.8,1.74,0.56,0.67,0.23
17ed_44b_6ea,5.08,0.57,93.08,98.82,1.65,0.56,0.64,0.23
13ed_44b_6ea,33.9,0.98,64.87,98.4,0.99,0.56,0.38,0.23
21ed_38b_10ea,9.82,3.01,79.39,94.12,10.4,2.74,0.7,0.22
6ed_44b_6ea,24.87,1.73,73.46,97.66,1,0.53,0.39,0.22
21ed_44b_11ea,2.91,0.53,94.25,98.63,2.62,0.77,0.54,0.22
16ed_44b_6ea,22.21,1.38,76.45,98.02,1.11,0.54,0.43,0.22
2ed_44b_6ea,15.78,1.26,82.74,98.14,1.26,0.55,0.49,0.22
20ed_44b_11ea,15.16,0.72,80.71,98.37,1.97,0.78,0.41,0.22
9ed_44b_11ea,60.96,1.4,36.07,97.77,0.64,0.78,0.13,0.22
14ed_38b_10ea,92.14,3.25,2.13,93.83,0.24,2.85,0.02,0.22
9ed_38b_10ea,42.94,7.07,50.06,90.03,5.69,2.79,0.38,0.22
7ed_44b_11ea,13.53,1.43,84.16,97.75,1.92,0.75,0.4,0.21
6ed_44b_11ea,24.48,1.79,73.39,97.38,1.49,0.75,0.31,0.21
20ed_38b_10ea,20.68,4.39,68.27,92.41,8.39,2.68,0.56,0.21
3ed_44b_11ea,10.06,1.15,87.59,98.03,2.14,0.76,0.44,0.21
16ed_44b_11ea,21.95,1.43,76.14,97.76,1.69,0.76,0.35,0.21
5ed_38b_10ea,39.87,5.4,53.26,91.8,6.24,2.72,0.41,0.21
2ed_44b_11ea,15.75,1.27,82.14,97.91,1.93,0.76,0.4,0.21
14ed_44b_11ea,93.49,0.57,0.85,98.6,0.02,0.78,0,0.21
5ed_44b_11ea,59.59,0.97,38.5,98.21,0.76,0.77,0.16,0.21
1ed_44b_11ea,21.52,0.72,76.24,98.44,2,0.78,0.41,0.21
19ed_44b_11ea,2.85,0.6,94.2,98.57,2.78,0.77,0.57,0.21
17ed_44b_11ea,4.98,0.57,92.18,98.59,2.67,0.78,0.55,0.21
2ed_38b_10ea,17.45,5.3,73.29,92.15,9.12,2.46,0.61,0.2
10ed_44b_11ea,20.74,0.85,75.88,98.32,1.69,0.74,0.35,0.2
9ed_44b_6ea,60.83,1.36,36.46,98.08,0.39,0.5,0.15,0.2
11ed_44b_6ea,59.93,1.24,37.63,98.2,0.43,0.5,0.16,0.2
7ed_38b_10ea,16.4,5.85,73.8,91.65,9.41,2.32,0.63,0.19
16ed_38b_10ea,20.9,5.81,70.33,91.65,8.62,2.42,0.57,0.19
3ed_38b_10ea,14.08,4.84,75.79,92.56,9.9,2.46,0.66,0.19
10ed_44b_6ea,21.79,0.91,75.46,98.51,1.04,0.49,0.39,0.19
3ed_33b_10ea,16.62,1.41,79.67,96.65,3.46,1.89,0.22,0.18
16ed_39b_7ea,53.18,2.07,45.36,96.99,1.15,0.57,0.35,0.18
2ed_39b_7ea,40.4,1.88,57.65,97.17,1.66,0.58,0.52,0.18
6ed_38b_10ea,19.66,6.68,71.26,90.91,8.67,2.25,0.58,0.18
7ed_39b_7ea,34.66,2.04,62.59,96.95,1.83,0.57,0.56,0.17
6ed_39b_7ea,49.03,2.49,48.57,96.55,1.16,0.56,0.35,0.17
9ed_41b_10ea,50.43,4.48,44.37,93.33,3.05,1.94,0.18,0.14
21ed_41b_10ea,4.65,1.31,83.4,96.15,10.58,2.33,0.67,0.12
20ed_41b_10ea,26.93,2.7,63.14,94.45,5.62,2.38,0.31,0.12
5ed_41b_10ea,54.11,3.13,41.4,94.29,3,2.36,0.16,0.12
14ed_41b_10ea,92.36,2.2,1.93,95.22,0.15,2.39,0.01,0.12
2ed_41b_10ea,21.59,1.98,70.22,95.37,7.17,2.42,0.41,0.12
1ed_41b_10ea,39.59,2.83,54.57,94.61,4.87,2.37,0.28,0.12
16ed_41b_10ea,36.7,1.94,57.33,95.38,5.07,2.49,0.29,0.12
19ed_41b_10ea,9.71,2.24,78.95,95.17,10,2.4,0.65,0.12
17ed_41b_10ea,20.47,2.39,70.47,95.03,7.93,2.4,0.5,0.12
11ed_41b_10ea,57.07,4.18,38.1,93.2,2.83,2.41,0.15,0.12
6ed_44b_7ea,23.41,1.55,74.94,97.96,1.04,0.41,0.3,0.12
21ed_44b_7ea,2.71,0.49,95.33,99.02,1.72,0.42,0.51,0.12
20ed_44b_7ea,12.5,0.64,84.32,98.82,1.37,0.42,0.41,0.12
10ed_44b_7ea,18.22,0.82,79.1,98.67,1.25,0.42,0.37,0.12
2ed_44b_7ea,14.58,1.12,83.91,98.4,1.32,0.42,0.39,0.12
16ed_44b_7ea,19.83,1.21,78.76,98.3,1.2,0.42,0.36,0.12
5ed_44b_7ea,50.47,0.84,47.87,98.68,0.68,0.42,0.2,0.12
14ed_44b_7ea,69.86,0.51,25.12,99,0.44,0.43,0.13,0.12
9ed_44b_7ea,54.75,1.22,42.63,98.28,0.53,0.43,0.15,0.12
1ed_44b_7ea,15.58,0.65,82.75,98.86,1.45,0.43,0.43,0.12
19ed_44b_7ea,2.7,0.57,95.29,98.94,1.82,0.43,0.55,0.12
17ed_44b_7ea,4.16,0.54,93.87,98.96,1.78,0.44,0.54,0.12
13ed_44b_7ea,23.77,0.95,74.76,98.55,1.24,0.44,0.37,0.12
11ed_44b_7ea,50.67,1.15,47.05,98.35,0.65,0.43,0.19,0.12
10ed_41b_10ea,32.26,3.25,59.73,94.08,4.87,2.3,0.27,0.11
6ed_41b_10ea,36.94,3.1,57.02,94.28,4.38,2.32,0.23,0.11
7ed_44b_7ea,12.85,1.27,85.47,98.25,1.3,0.41,0.38,0.11
3ed_44b_7ea,9.34,1.05,89.09,98.49,1.31,0.39,0.39,0.11
7ed_41b_10ea,19.02,3.71,72.64,93.77,6.91,2.13,0.37,0.1
3ed_41b_10ea,15.31,3.28,75.79,94.1,7.68,2.23,0.43,0.1
6ed_39b_10ea,48.29,2.81,48.43,95.68,2.06,1.11,0.13,0.09
7ed_39b_10ea,33.78,2.27,61.94,96.18,3.39,1.1,0.22,0.09
16ed_39b_10ea,52.79,2.34,44.83,96.17,2.07,1.13,0.14,0.09
2ed_39b_10ea,39.59,2.12,57.05,96.39,3.09,1.13,0.21,0.09
9ed_39b_10ea,80.56,2.63,15.7,95.82,0.45,1.17,0.03,0.09
3ed_39b_10ea,27.2,1.84,68.02,96.6,4.41,1.11,0.3,0.08
6ed_44b_10ea,24.21,1.75,73.55,97.46,1.63,0.71,0.1,0.06
21ed_44b_10ea,2.85,0.53,94.05,98.69,2.89,0.72,0.18,0.06
20ed_44b_10ea,14.54,0.71,81.19,98.44,2.19,0.73,0.14,0.06
10ed_44b_10ea,20.14,0.84,76.22,98.33,2,0.73,0.13,0.06
5ed_44b_10ea,57.81,0.95,40.19,98.26,0.89,0.74,0.06,0.06
9ed_44b_10ea,60.08,1.38,36.92,97.83,0.71,0.74,0.04,0.06
11ed_44b_10ea,58.15,1.28,39.11,97.92,0.87,0.75,0.05,0.06
7ed_44b_10ea,13.34,1.41,84.18,97.81,2.09,0.7,0.13,0.05
3ed_44b_10ea,9.9,1.14,87.53,98.08,2.35,0.71,0.15,0.05
16ed_44b_10ea,21.33,1.41,76.59,97.82,1.87,0.71,0.12,0.05
2ed_44b_10ea,15.48,1.26,82.22,97.97,2.12,0.72,0.13,0.05
14ed_44b_10ea,93.56,0.52,0.78,98.68,0.02,0.74,0,0.05
1ed_44b_10ea,20.67,0.77,76.89,98.44,2.26,0.74,0.14,0.05
19ed_44b_10ea,2.55,0.54,94.12,98.66,3.14,0.74,0.2,0.05
17ed_44b_10ea,4.74,0.57,92.08,98.63,3.02,0.75,0.19,0.05
13ed_44b_10ea,31.94,1.02,66.09,98.19,1.8,0.74,0.11,0.05
9ed_28b_10ea,24.13,2.61,72.05,95.93,3.63,1.3,0.05,0.03
3ed_28b_1ea,4.19,0.09,15.25,0.64,78.22,95.93,0,0
13ed_41b_10ea,39.41,3.89,49.95,91.58,9.74,4.31,0,0
6ed_29b_8ea,17.8,7.36,68.4,86.37,13.41,6.12,,
6ed_33b_8ea,42.1,2.08,55.08,91.28,1.81,6.57,,
16ed_29b_8ea,19.26,6.46,69.54,86.52,11,6.79,,
2ed_29b_8ea,15,6.33,71.8,87.12,13.06,6.45,,
7ed_29b_8ea,15.19,6.15,71.51,87.33,12.91,6.3,,
3ed_29b_8ea,12.8,5.16,73.83,88,13.12,6.63,,
20ed_29b_8ea,19.13,4.49,67.43,87.6,10.86,7.33,,
10ed_29b_8ea,25.24,5.33,62.25,87.16,10.77,7.16,,
14ed_29b_8ea,92.13,4.12,2.08,88.16,0.3,7.68,,
6ed_28b_8ea,20.83,6.27,69.14,87.93,9.6,5.64,,
16ed_33b_8ea,20.11,2.84,75.65,89.8,3.59,7.14,,
9ed_29b_8ea,47.1,7.92,44.09,84.65,7.24,7.31,,
1ed_29b_8ea,31.36,5.29,58.71,87.22,9.8,7.46,,
21ed_28b_8ea,10.11,3.61,78.2,89.4,11.33,6.84,,
5ed_29b_8ea,41.73,5.16,49.94,87.18,7.71,7.61,,
13ed_29b_8ea,35.78,7,55.54,85.46,8.55,7.52,,
17ed_29b_8ea,17.22,4.94,71.37,87.31,11.35,7.72,,
16ed_28b_8ea,20.99,6.11,69.26,87.92,9.61,5.88,,
7ed_28b_8ea,16.39,6.13,72.74,88.01,10.48,5.64,,
11ed_29b_8ea,52.15,7.7,39.94,84.79,6.42,7.45,,
7ed_41b_8ea,20.14,4.59,73.52,92.74,5.06,2.22,,
10ed_28b_8ea,26.52,5.26,62.8,87.09,8.86,7.32,,
3ed_28b_8ea,14,5.22,74.87,87.71,10.9,6.86,,
2ed_28b_8ea,18.26,5.28,71.7,87.63,9.91,6.99,,
21ed_41b_8ea,6.89,1.82,85.23,95.22,6.7,2.73,,
13ed_33b_8ea,53.74,3.05,43.9,89.75,1.87,6.97,,
3ed_41b_8ea,16.33,4.13,77.23,93.11,5.42,2.32,,
6ed_41b_8ea,36.02,4.35,59.12,92.81,3.35,2.48,,
5ed_28b_8ea,46.87,5,46.27,87.41,6.12,7.52,,
10ed_41b_8ea,37.3,3.99,56.34,92.95,3.21,2.62,,
14ed_28b_8ea,93.48,3.41,0.8,89.75,0.09,6.79,,
6ed_30b_8ea,31.71,6.13,60.91,87.92,6.68,5.76,,
20ed_41b_8ea,30.67,3.58,60.94,93.21,3.59,2.63,,
9ed_41b_8ea,55.4,5.84,39.96,90.99,2.36,2.89,,
1ed_28b_8ea,34.49,4.45,57.7,87.84,7.65,7.67,,
9ed_28b_8ea,39.54,3.46,55.35,91.3,3.47,5.19,,
6ed_39b_8ea,49.4,3.57,47.56,93.13,1.79,2.93,,
5ed_41b_8ea,58.64,4.06,37.99,93.04,1.95,2.66,,
19ed_28b_8ea,9.3,3.26,79.4,89.92,11.11,6.74,,
7ed_39b_8ea,36.47,2.81,60.18,93.89,2.4,2.88,,
17ed_28b_8ea,18.61,4.28,71.52,88.99,9.79,6.7,,
13ed_28b_8ea,43.27,6.84,49.98,86.64,6.59,6.48,,
7ed_30b_8ea,26.6,5.63,66.14,88.55,6.62,5.6,,
2ed_41b_8ea,30.27,2.96,65.01,94.13,3.82,2.66,,
14ed_41b_8ea,93.66,2.64,0.67,94.43,0.03,2.74,,
16ed_41b_8ea,40.34,3,55.89,94.11,2.99,2.66,,
16ed_30b_8ea,38.41,5.37,56.15,88.64,5.24,5.86,,
10ed_30b_8ea,42.66,4.49,49.7,89.08,4.59,6.15,,
1ed_41b_8ea,48.04,3.57,48.42,93.53,2.74,2.71,,
6ed_36b_8ea,40.87,16.33,41.19,78.01,16.7,5.27,,
20ed_30b_8ea,35.04,3.94,55.09,89.46,5.18,6.17,,
11ed_28b_8ea,56.6,7.24,36.88,85.2,4.8,7.5,,
3ed_39b_8ea,30.13,2.3,66.76,94.41,2.76,2.87,,
5ed_30b_8ea,65.74,4.93,30.22,88.64,2.91,6.37,,
16ed_39b_8ea,57.49,2.98,40.77,93.76,1.43,2.93,,
2ed_30b_8ea,27.02,4.79,66.42,89.18,6.4,5.9,,
2ed_39b_8ea,42.02,2.71,55.59,94.05,2.1,2.92,,
13ed_41b_8ea,56.33,4.57,40.68,92.36,2.26,2.87,,
17ed_41b_8ea,30.63,2.94,64.2,94.11,4.22,2.77,,
11ed_41b_8ea,64.45,5.32,31.69,91.77,1.62,2.68,,